year,month,day,P(mm/d),E(mm/d),Q(mm/d),T(Â°C)
2004,9,2,0.00E+00,2.11E+00,7.24E-01,1.26E+01
2004,9,3,0.00E+00,2.28E+00,5.79E-01,1.44E+01
2004,9,4,0.00E+00,2.76E+00,4.79E-01,1.73E+01
2004,9,5,0.00E+00,2.85E+00,4.00E-01,1.79E+01
2004,9,6,0.00E+00,2.88E+00,3.37E-01,1.80E+01
2004,9,7,0.00E+00,2.76E+00,2.90E-01,1.69E+01
2004,9,8,0.00E+00,2.68E+00,2.50E-01,1.68E+01
2004,9,9,0.00E+00,2.68E+00,2.18E-01,1.62E+01
2004,9,10,0.00E+00,2.39E+00,1.92E-01,1.45E+01
2004,9,11,0.00E+00,2.38E+00,1.78E-01,1.55E+01
2004,9,12,2.56E+00,2.72E+00,1.87E-01,1.78E+01
2004,9,13,4.00E-01,2.15E+00,1.74E-01,1.39E+01
2004,9,14,0.00E+00,2.11E+00,1.45E-01,1.42E+01
2004,9,15,1.41E+00,1.98E+00,1.38E-01,1.29E+01
2004,9,16,2.80E-01,1.70E+00,1.21E-01,1.09E+01
2004,9,17,0.00E+00,1.45E+00,1.12E-01,8.21E+00
2004,9,18,0.00E+00,1.59E+00,9.77E-02,9.95E+00
2004,9,19,0.00E+00,1.87E+00,8.72E-02,1.26E+01
2004,9,20,2.26E+00,1.98E+00,1.01E-01,1.32E+01
2004,9,21,0.00E+00,1.63E+00,8.77E-02,1.12E+01
2004,9,22,1.32E+00,1.84E+00,8.31E-02,1.28E+01
2004,9,23,1.79E+00,1.64E+00,8.30E-02,1.14E+01
2004,9,24,1.41E+01,1.87E+00,2.33E-01,1.31E+01
2004,9,25,4.50E-01,1.48E+00,1.17E-01,9.58E+00
2004,9,26,6.70E-01,1.55E+00,8.95E-02,1.03E+01
2004,9,27,1.90E-01,1.70E+00,8.39E-02,1.18E+01
2004,9,28,1.70E-01,1.71E+00,8.71E-02,1.23E+01
2004,9,29,2.20E-01,1.92E+00,8.21E-02,1.41E+01
2004,9,30,2.40E-01,1.80E+00,7.41E-02,1.28E+01
2004,10,1,0.00E+00,1.59E+00,7.09E-02,1.13E+01
2004,10,2,1.83E+00,1.87E+00,7.17E-02,1.35E+01
2004,10,3,0.00E+00,1.65E+00,6.29E-02,1.18E+01
2004,10,4,0.00E+00,1.45E+00,5.77E-02,1.01E+01
2004,10,5,0.00E+00,1.88E+00,5.46E-02,1.37E+01
2004,10,6,1.80E-01,2.07E+00,5.78E-02,1.56E+01
2004,10,7,6.15E+00,1.50E+00,1.22E-01,1.06E+01
2004,10,8,0.00E+00,1.22E+00,6.40E-02,7.85E+00
2004,10,9,4.60E-01,1.21E+00,6.27E-02,7.82E+00
2004,10,10,1.81E+00,1.37E+00,6.32E-02,9.28E+00
2004,10,11,0.00E+00,1.26E+00,6.15E-02,8.07E+00
2004,10,12,3.00E-02,1.16E+00,4.64E-02,7.57E+00
2004,10,13,9.00E-02,1.21E+00,4.44E-02,8.10E+00
2004,10,14,0.00E+00,1.27E+00,5.14E-02,8.94E+00
2004,10,15,1.22E+01,1.36E+00,1.85E-01,9.90E+00
2004,10,16,6.52E+00,1.15E+00,1.95E-01,7.52E+00
2004,10,17,7.73E+00,1.05E+00,1.29E-01,6.36E+00
2004,10,18,8.21E+00,1.07E+00,1.53E-01,6.75E+00
2004,10,19,3.43E+00,1.12E+00,1.64E-01,7.40E+00
2004,10,20,0.00E+00,1.07E+00,1.27E-01,6.80E+00
2004,10,21,2.65E+01,1.69E+00,5.17E-01,1.37E+01
2004,10,22,6.71E+00,1.45E+00,7.69E-01,1.12E+01
2004,10,23,0.00E+00,1.15E+00,6.92E-01,8.67E+00
2004,10,24,0.00E+00,1.59E+00,6.15E-01,1.33E+01
2004,10,25,1.91E+00,1.46E+00,5.48E-01,1.23E+01
2004,10,26,1.30E-01,1.48E+00,4.95E-01,1.21E+01
2004,10,27,0.00E+00,1.06E+00,4.30E-01,7.63E+00
2004,10,28,1.34E+00,1.06E+00,3.96E-01,7.50E+00
2004,10,29,1.15E+01,1.33E+00,6.06E-01,1.09E+01
2004,10,30,9.61E+00,1.26E+00,6.57E-01,9.86E+00
2004,10,31,1.02E+00,1.11E+00,7.88E-01,8.56E+00
2004,11,1,0.00E+00,1.09E+00,1.05E+00,8.17E+00
2004,11,2,5.10E-01,1.11E+00,1.11E+00,8.44E+00
2004,11,3,2.28E+00,1.13E+00,1.06E+00,8.98E+00
2004,11,4,8.70E-01,1.17E+00,9.69E-01,9.61E+00
2004,11,5,7.84E+00,1.21E+00,9.92E-01,1.02E+01
2004,11,6,0.00E+00,9.87E-01,8.83E-01,6.74E+00
2004,11,7,5.06E+00,9.16E-01,9.64E-01,6.38E+00
2004,11,8,3.00E-01,8.78E-01,1.00E+00,5.25E+00
2004,11,9,2.13E+00,7.71E-01,1.00E+00,3.97E+00
2004,11,10,0.00E+00,6.82E-01,9.95E-01,1.67E+00
2004,11,11,7.52E+00,6.34E-01,1.05E+00,1.34E+00
2004,11,12,6.00E-02,6.87E-01,9.87E-01,2.41E+00
2004,11,13,3.20E-01,7.14E-01,9.56E-01,3.09E+00
2004,11,14,2.50E-01,7.47E-01,9.89E-01,3.32E+00
2004,11,15,3.00E-02,6.50E-01,1.01E+00,1.29E+00
2004,11,16,0.00E+00,5.26E-01,1.02E+00,-5.70E-01
2004,11,17,1.30E-01,7.80E-01,1.01E+00,4.83E+00
2004,11,18,1.38E+00,9.69E-01,9.92E-01,8.07E+00
2004,11,19,8.88E+00,9.39E-01,1.08E+00,7.52E+00
2004,11,20,5.37E+00,6.59E-01,1.69E+00,2.19E+00
2004,11,21,0.00E+00,4.91E-01,2.01E+00,-1.09E+00
2004,11,22,1.16E+00,5.22E-01,2.31E+00,-4.83E-01
2004,11,23,1.51E+00,9.23E-01,2.32E+00,8.27E+00
2004,11,24,3.09E+00,9.44E-01,2.19E+00,7.68E+00
2004,11,25,0.00E+00,5.34E-01,1.99E+00,-1.78E-01
2004,11,26,0.00E+00,4.98E-01,1.94E+00,-1.55E+00
2004,11,27,3.00E-02,6.25E-01,1.90E+00,2.60E+00
2004,11,28,4.11E+00,8.40E-01,1.84E+00,6.68E+00
2004,11,29,4.00E-02,8.04E-01,1.71E+00,5.90E+00
2004,11,30,0.00E+00,7.89E-01,1.57E+00,5.53E+00
2004,12,1,0.00E+00,6.86E-01,1.44E+00,2.70E+00
2004,12,2,4.03E+00,6.52E-01,1.40E+00,2.88E+00
2004,12,3,9.10E-01,6.55E-01,1.28E+00,3.09E+00
2004,12,4,3.40E-01,6.34E-01,1.18E+00,2.64E+00
2004,12,5,0.00E+00,4.88E-01,1.06E+00,-9.06E-01
2004,12,6,0.00E+00,4.63E-01,1.00E+00,-1.32E+00
2004,12,7,0.00E+00,6.28E-01,9.85E-01,2.44E+00
2004,12,8,0.00E+00,6.09E-01,9.45E-01,1.92E+00
2004,12,9,0.00E+00,6.53E-01,9.05E-01,3.24E+00
2004,12,10,0.00E+00,5.38E-01,8.63E-01,1.19E-01
2004,12,11,0.00E+00,4.23E-01,8.00E-01,-2.88E+00
2004,12,12,0.00E+00,3.87E-01,7.43E-01,-3.68E+00
2004,12,13,0.00E+00,3.94E-01,6.89E-01,-3.59E+00
2004,12,14,0.00E+00,3.86E-01,6.45E-01,-3.77E+00
2004,12,15,0.00E+00,3.64E-01,5.99E-01,-4.37E+00
2004,12,16,0.00E+00,3.93E-01,5.76E-01,-3.52E+00
2004,12,17,4.62E+00,4.90E-01,6.32E-01,-5.65E-01
2004,12,18,1.79E+01,6.69E-01,9.75E-01,3.80E+00
2004,12,19,2.04E+00,6.11E-01,1.40E+00,2.40E+00
2004,12,20,5.29E+00,5.50E-01,2.05E+00,5.77E-01
2004,12,21,0.00E+00,3.89E-01,2.78E+00,-4.42E+00
2004,12,22,1.20E-01,3.10E-01,3.00E+00,-6.68E+00
2004,12,23,1.32E+00,4.28E-01,2.72E+00,-2.27E+00
2004,12,24,3.09E+00,6.58E-01,2.54E+00,4.12E+00
2004,12,25,5.01E+00,8.28E-01,2.43E+00,7.13E+00
2004,12,26,7.73E+00,6.94E-01,3.34E+00,3.97E+00
2004,12,27,0.00E+00,5.53E-01,4.62E+00,8.06E-01
2004,12,28,0.00E+00,4.75E-01,4.51E+00,-2.06E+00
2004,12,29,5.72E+00,4.64E-01,3.85E+00,-1.31E+00
2004,12,30,4.41E+00,5.44E-01,3.23E+00,6.62E-01
2004,12,31,3.00E-02,5.55E-01,2.68E+00,1.22E+00
2005,1,1,1.26E+00,6.89E-01,2.40E+00,4.45E+00
2005,1,2,2.69E+00,8.10E-01,2.34E+00,6.64E+00
2005,1,3,1.61E+00,6.93E-01,2.90E+00,4.12E+00
2005,1,4,5.50E-01,6.13E-01,3.61E+00,2.78E+00
2005,1,5,3.00E-02,6.39E-01,3.48E+00,2.94E+00
2005,1,6,3.78E+00,6.91E-01,3.12E+00,4.16E+00
2005,1,7,1.83E+00,7.89E-01,2.75E+00,5.83E+00
2005,1,8,6.00E-02,9.15E-01,2.44E+00,7.95E+00
2005,1,9,1.97E+00,8.23E-01,2.29E+00,6.33E+00
2005,1,10,7.00E-02,7.60E-01,2.08E+00,5.39E+00
2005,1,11,1.94E+00,9.43E-01,1.96E+00,7.87E+00
2005,1,12,1.97E+00,8.73E-01,1.82E+00,7.07E+00
2005,1,13,4.68E+00,8.35E-01,1.77E+00,6.26E+00
2005,1,14,4.00E-02,6.12E-01,1.67E+00,1.96E+00
2005,1,15,0.00E+00,4.82E-01,1.63E+00,-1.07E+00
2005,1,16,0.00E+00,4.51E-01,1.62E+00,-2.62E+00
2005,1,17,0.00E+00,3.95E-01,1.55E+00,-4.24E+00
2005,1,18,5.88E+00,5.19E-01,1.52E+00,-1.31E-01
2005,1,19,1.80E+01,7.06E-01,2.53E+00,3.40E+00
2005,1,20,6.30E-01,6.28E-01,3.74E+00,2.05E+00
2005,1,21,1.12E+01,9.03E-01,4.63E+00,7.33E+00
2005,1,22,5.70E+00,7.70E-01,6.59E+00,4.67E+00
2005,1,23,9.00E-02,6.22E-01,7.58E+00,1.22E+00
2005,1,24,5.80E-01,5.76E-01,6.03E+00,3.02E-01
2005,1,25,8.00E-01,4.98E-01,4.65E+00,-1.56E+00
2005,1,26,0.00E+00,4.40E-01,3.60E+00,-3.53E+00
2005,1,27,0.00E+00,4.46E-01,2.85E+00,-3.18E+00
2005,1,28,0.00E+00,4.25E-01,2.34E+00,-4.02E+00
2005,1,29,0.00E+00,5.11E-01,2.01E+00,-1.48E+00
2005,1,30,9.00E-02,4.40E-01,1.62E+00,-4.12E+00
2005,1,31,7.80E-01,4.88E-01,1.38E+00,-2.20E+00
2005,2,1,1.74E+00,6.47E-01,1.27E+00,1.77E+00
2005,2,2,1.62E+00,7.30E-01,1.15E+00,2.69E+00
2005,2,3,1.58E+00,7.27E-01,1.02E+00,2.95E+00
2005,2,4,1.55E+00,7.65E-01,9.50E-01,3.02E+00
2005,2,5,0.00E+00,6.74E-01,8.72E-01,1.10E+00
2005,2,6,0.00E+00,5.42E-01,8.38E-01,-1.50E+00
2005,2,7,3.00E-02,5.62E-01,8.12E-01,-1.43E+00
2005,2,8,0.00E+00,5.55E-01,8.05E-01,-1.19E+00
2005,2,9,0.00E+00,5.92E-01,7.98E-01,-4.94E-01
2005,2,10,4.00E-02,6.05E-01,7.79E-01,-9.94E-02
2005,2,11,1.12E+01,7.82E-01,8.96E-01,3.91E+00
2005,2,12,7.90E+00,1.01E+00,1.18E+00,6.93E+00
2005,2,13,1.09E+01,1.14E+00,1.74E+00,8.51E+00
2005,2,14,8.73E+00,6.96E-01,3.49E+00,1.50E+00
2005,2,15,8.43E+00,6.92E-01,4.65E+00,1.20E+00
2005,2,16,3.30E-01,6.14E-01,4.15E+00,-4.36E-01
2005,2,17,1.10E-01,5.51E-01,3.55E+00,-1.98E+00
2005,2,18,0.00E+00,5.54E-01,3.04E+00,-2.02E+00
2005,2,19,4.40E-01,5.42E-01,2.54E+00,-2.31E+00
2005,2,20,4.57E+00,6.25E-01,2.26E+00,-1.77E-01
2005,2,21,1.55E+00,6.32E-01,1.95E+00,-1.91E-01
2005,2,22,5.80E-01,5.84E-01,1.67E+00,-1.55E+00
2005,2,23,6.00E-01,5.50E-01,1.43E+00,-2.66E+00
2005,2,24,0.00E+00,4.56E-01,1.23E+00,-4.93E+00
2005,2,25,3.20E-01,4.43E-01,1.10E+00,-5.39E+00
2005,2,26,0.00E+00,4.35E-01,9.81E-01,-5.29E+00
2005,2,27,6.00E-01,4.95E-01,9.03E-01,-3.72E+00
2005,2,28,3.60E-01,5.02E-01,8.15E-01,-4.20E+00
2005,3,1,0.00E+00,3.87E-01,8.24E-01,-8.84E+00
2005,3,2,0.00E+00,3.61E-01,-1.00E-01,-8.78E+00
2005,3,3,0.00E+00,5.28E-01,-1.00E-01,-3.85E+00
2005,3,4,1.41E+00,5.98E-01,-1.00E-01,-2.07E+00
2005,3,5,2.30E-01,5.89E-01,6.19E-01,-2.68E+00
2005,3,6,4.94E+00,6.02E-01,6.20E-01,-1.94E+00
2005,3,7,4.90E-01,5.46E-01,5.56E-01,-3.76E+00
2005,3,8,9.40E-01,6.82E-01,5.34E-01,-5.42E-02
2005,3,9,1.40E+00,8.39E-01,5.35E-01,2.11E+00
2005,3,10,1.30E+00,8.46E-01,5.38E-01,2.07E+00
2005,3,11,4.30E-01,8.15E-01,5.09E-01,1.20E+00
2005,3,12,3.40E-01,8.38E-01,5.15E-01,2.21E+00
2005,3,13,4.26E+00,8.20E-01,5.96E-01,1.80E+00
2005,3,14,9.00E-02,8.38E-01,5.30E-01,1.92E+00
2005,3,15,0.00E+00,9.33E-01,5.62E-01,2.86E+00
2005,3,16,0.00E+00,9.83E-01,6.26E-01,3.93E+00
2005,3,17,0.00E+00,1.41E+00,9.74E-01,9.34E+00
2005,3,18,0.00E+00,1.59E+00,3.18E+00,1.14E+01
2005,3,19,0.00E+00,1.51E+00,4.43E+00,1.00E+01
2005,3,20,0.00E+00,1.50E+00,3.97E+00,1.01E+01
2005,3,21,0.00E+00,1.47E+00,3.39E+00,9.29E+00
2005,3,22,0.00E+00,1.40E+00,2.90E+00,7.97E+00
2005,3,23,1.43E+00,1.50E+00,2.48E+00,9.55E+00
2005,3,24,0.00E+00,1.70E+00,2.11E+00,1.15E+01
2005,3,25,2.74E+00,1.54E+00,1.85E+00,1.03E+01
2005,3,26,0.00E+00,1.62E+00,1.59E+00,1.02E+01
2005,3,27,4.10E-01,1.45E+00,1.41E+00,9.04E+00
2005,3,28,1.30E-01,1.63E+00,1.26E+00,1.02E+01
2005,3,29,2.35E+00,1.62E+00,1.14E+00,1.01E+01
2005,3,30,8.00E-01,1.61E+00,1.05E+00,1.02E+01
2005,3,31,5.60E+00,1.56E+00,1.01E+00,9.13E+00
2005,4,1,0.00E+00,1.60E+00,8.83E-01,9.56E+00
2005,4,2,0.00E+00,1.46E+00,8.13E-01,8.24E+00
2005,4,3,0.00E+00,1.44E+00,7.95E-01,7.91E+00
2005,4,4,0.00E+00,1.59E+00,7.89E-01,9.53E+00
2005,4,5,0.00E+00,1.55E+00,7.86E-01,9.88E+00
2005,4,6,2.32E+00,1.54E+00,8.02E-01,8.82E+00
2005,4,7,6.78E+00,1.40E+00,8.14E-01,7.74E+00
2005,4,8,3.63E+00,1.53E+00,9.28E-01,8.87E+00
2005,4,9,6.71E+00,1.22E+00,9.51E-01,5.51E+00
2005,4,10,5.20E-01,1.09E+00,9.04E-01,3.58E+00
2005,4,11,3.90E-01,1.22E+00,1.03E+00,5.07E+00
2005,4,12,0.00E+00,1.45E+00,1.17E+00,7.35E+00
2005,4,13,0.00E+00,1.54E+00,1.25E+00,8.26E+00
2005,4,14,0.00E+00,1.68E+00,1.26E+00,9.69E+00
2005,4,15,0.00E+00,1.75E+00,1.21E+00,1.04E+01
2005,4,16,4.33E+00,1.59E+00,1.16E+00,8.65E+00
2005,4,17,1.58E+00,1.51E+00,1.09E+00,7.80E+00
2005,4,18,2.00E-01,1.79E+00,9.93E-01,1.01E+01
2005,4,19,1.70E-01,1.75E+00,9.18E-01,1.02E+01
2005,4,20,5.69E+00,1.60E+00,9.26E-01,8.27E+00
2005,4,21,4.40E-01,1.42E+00,8.01E-01,6.69E+00
2005,4,22,0.00E+00,1.38E+00,7.35E-01,6.14E+00
2005,4,23,0.00E+00,1.46E+00,7.18E-01,6.91E+00
2005,4,24,2.18E+00,1.51E+00,7.28E-01,7.85E+00
2005,4,25,3.30E-01,1.94E+00,7.40E-01,1.12E+01
2005,4,26,7.72E+00,1.82E+00,8.20E-01,1.01E+01
2005,4,27,8.30E+00,1.88E+00,7.84E-01,1.06E+01
2005,4,28,7.60E-01,1.89E+00,8.04E-01,1.04E+01
2005,4,29,0.00E+00,1.82E+00,8.19E-01,1.02E+01
2005,4,30,1.08E+00,2.49E+00,9.79E-01,1.51E+01
2005,5,1,0.00E+00,2.65E+00,1.11E+00,1.57E+01
2005,5,2,0.00E+00,2.98E+00,1.17E+00,1.78E+01
2005,5,3,7.00E-02,2.73E+00,1.16E+00,1.63E+01
2005,5,4,5.47E+00,2.25E+00,1.15E+00,1.34E+01
2005,5,5,4.04E+00,1.96E+00,1.08E+00,1.06E+01
2005,5,6,1.80E-01,1.97E+00,9.62E-01,1.05E+01
2005,5,7,1.99E+00,1.84E+00,9.31E-01,9.79E+00
2005,5,8,1.12E+01,1.54E+00,9.59E-01,7.21E+00
2005,5,9,3.20E-01,1.43E+00,8.32E-01,6.24E+00
2005,5,10,0.00E+00,1.50E+00,8.20E-01,6.12E+00
2005,5,11,8.00E-02,1.53E+00,8.29E-01,6.21E+00
2005,5,12,0.00E+00,1.62E+00,8.31E-01,6.51E+00
2005,5,13,1.00E-01,1.96E+00,8.22E-01,9.03E+00
2005,5,14,0.00E+00,2.13E+00,8.08E-01,1.02E+01
2005,5,15,1.60E+01,2.09E+00,9.63E-01,9.98E+00
2005,5,16,8.60E-01,2.07E+00,8.31E-01,9.56E+00
2005,5,17,0.00E+00,2.12E+00,7.86E-01,1.00E+01
2005,5,18,0.00E+00,1.99E+00,8.01E-01,7.81E+00
2005,5,19,3.00E-02,1.84E+00,8.01E-01,7.00E+00
2005,5,20,0.00E+00,2.13E+00,8.02E-01,1.02E+01
2005,5,21,1.09E+01,2.98E+00,8.17E-01,1.55E+01
2005,5,22,0.00E+00,2.70E+00,7.97E-01,1.38E+01
2005,5,23,0.00E+00,2.48E+00,7.29E-01,1.28E+01
2005,5,24,2.00E-01,2.46E+00,6.77E-01,1.21E+01
2005,5,25,0.00E+00,2.44E+00,6.03E-01,1.22E+01
2005,5,26,0.00E+00,3.29E+00,5.54E-01,1.66E+01
2005,5,27,0.00E+00,3.75E+00,5.14E-01,1.92E+01
2005,5,28,5.00E-02,4.23E+00,4.74E-01,2.12E+01
2005,5,29,5.00E-02,4.32E+00,4.35E-01,2.17E+01
2005,5,30,1.29E+01,4.16E+00,4.98E-01,2.00E+01
2005,5,31,1.46E+00,2.54E+00,4.78E-01,1.24E+01
2005,6,1,2.30E-01,2.30E+00,3.78E-01,1.08E+01
2005,6,2,0.00E+00,2.71E+00,3.49E-01,1.30E+01
2005,6,3,0.00E+00,3.04E+00,3.25E-01,1.53E+01
2005,6,4,3.33E+00,3.26E+00,3.47E-01,1.68E+01
2005,6,5,1.08E+00,2.52E+00,3.31E-01,1.27E+01
2005,6,6,0.00E+00,2.29E+00,2.89E-01,1.13E+01
2005,6,7,2.65E+00,2.52E+00,3.22E-01,1.22E+01
2005,6,8,0.00E+00,2.14E+00,2.52E-01,8.80E+00
2005,6,9,0.00E+00,2.29E+00,2.29E-01,1.02E+01
2005,6,10,0.00E+00,2.50E+00,2.20E-01,1.16E+01
2005,6,11,0.00E+00,2.65E+00,2.14E-01,1.25E+01
2005,6,12,0.00E+00,2.54E+00,2.17E-01,1.14E+01
2005,6,13,0.00E+00,2.33E+00,2.07E-01,1.07E+01
2005,6,14,0.00E+00,2.61E+00,1.97E-01,1.28E+01
2005,6,15,0.00E+00,2.82E+00,1.91E-01,1.37E+01
2005,6,16,0.00E+00,3.10E+00,1.67E-01,1.61E+01
2005,6,17,0.00E+00,3.52E+00,1.58E-01,1.79E+01
2005,6,18,3.00E-02,3.93E+00,1.45E-01,1.94E+01
2005,6,19,3.00E-02,4.42E+00,1.29E-01,2.06E+01
2005,6,20,0.00E+00,4.29E+00,1.13E-01,2.03E+01
2005,6,21,0.00E+00,4.67E+00,1.04E-01,2.19E+01
2005,6,22,4.00E-02,4.77E+00,9.34E-02,2.28E+01
2005,6,23,0.00E+00,4.53E+00,8.56E-02,2.09E+01
2005,6,24,0.00E+00,4.68E+00,7.66E-02,2.21E+01
2005,6,25,3.00E-02,5.34E+00,6.70E-02,2.45E+01
2005,6,26,1.11E+00,4.30E+00,1.14E-01,2.11E+01
2005,6,27,0.00E+00,4.41E+00,9.43E-02,2.08E+01
2005,6,28,0.00E+00,4.52E+00,6.90E-02,2.17E+01
2005,6,29,0.00E+00,4.99E+00,5.19E-02,2.33E+01
2005,6,30,2.01E+00,4.22E+00,6.05E-02,2.03E+01
2005,7,1,2.51E+00,3.44E+00,8.50E-02,1.73E+01
2005,7,2,2.69E+00,3.09E+00,1.25E-01,1.56E+01
2005,7,3,2.75E+00,3.37E+00,1.29E-01,1.67E+01
2005,7,4,0.00E+00,4.07E+00,7.83E-02,1.96E+01
2005,7,5,4.95E+00,3.31E+00,1.05E-01,1.64E+01
2005,7,6,1.60E-01,2.72E+00,6.66E-02,1.35E+01
2005,7,7,1.12E+01,2.82E+00,1.33E-01,1.40E+01
2005,7,8,8.05E+00,2.48E+00,1.87E-01,1.19E+01
2005,7,9,8.76E+00,2.74E+00,1.56E-01,1.33E+01
2005,7,10,0.00E+00,3.17E+00,9.96E-02,1.53E+01
2005,7,11,2.00E+00,3.86E+00,6.83E-02,1.85E+01
2005,7,12,0.00E+00,4.59E+00,5.00E-02,2.09E+01
2005,7,13,0.00E+00,4.19E+00,4.58E-02,2.02E+01
2005,7,14,0.00E+00,4.56E+00,4.12E-02,2.16E+01
2005,7,15,0.00E+00,4.69E+00,3.45E-02,2.22E+01
2005,7,16,0.00E+00,4.45E+00,2.76E-02,2.17E+01
2005,7,17,0.00E+00,4.21E+00,2.41E-02,2.08E+01
2005,7,18,0.00E+00,4.03E+00,2.26E-02,1.94E+01
2005,7,19,3.24E+00,3.88E+00,2.81E-02,1.96E+01
2005,7,20,1.48E+00,3.20E+00,8.01E-02,1.63E+01
2005,7,21,6.02E+00,2.89E+00,6.90E-02,1.51E+01
2005,7,22,0.00E+00,2.96E+00,5.25E-02,1.53E+01
2005,7,23,1.10E-01,3.05E+00,3.35E-02,1.59E+01
2005,7,24,0.00E+00,3.21E+00,2.86E-02,1.63E+01
2005,7,25,8.18E+00,3.19E+00,9.05E-02,1.65E+01
2005,7,26,3.12E+00,3.48E+00,7.63E-02,1.80E+01
2005,7,27,1.60E-01,3.44E+00,5.81E-02,1.78E+01
2005,7,28,1.46E+00,4.33E+00,5.99E-02,2.13E+01
2005,7,29,3.98E+00,4.48E+00,4.31E-02,2.21E+01
2005,7,30,1.65E+01,3.66E+00,2.34E-01,1.91E+01
2005,7,31,2.37E+00,3.06E+00,1.28E-01,1.60E+01
2005,8,1,3.14E+00,2.73E+00,1.00E-01,1.49E+01
2005,8,2,0.00E+00,3.11E+00,1.27E-01,1.62E+01
2005,8,3,0.00E+00,3.15E+00,7.79E-02,1.60E+01
2005,8,4,3.50E-01,2.87E+00,5.83E-02,1.55E+01
2005,8,5,0.00E+00,2.87E+00,5.25E-02,1.50E+01
2005,8,6,5.47E+00,2.59E+00,6.92E-02,1.42E+01
2005,8,7,0.00E+00,2.44E+00,7.77E-02,1.30E+01
2005,8,8,3.93E+00,2.24E+00,7.65E-02,1.18E+01
2005,8,9,3.80E-01,2.34E+00,6.18E-02,1.22E+01
2005,8,10,0.00E+00,2.59E+00,4.69E-02,1.37E+01
2005,8,11,0.00E+00,2.61E+00,3.89E-02,1.42E+01
2005,8,12,2.64E+00,2.49E+00,5.18E-02,1.41E+01
2005,8,13,0.00E+00,2.71E+00,4.46E-02,1.52E+01
2005,8,14,0.00E+00,2.68E+00,3.44E-02,1.47E+01
2005,8,15,1.37E+01,2.46E+00,1.79E-01,1.35E+01
2005,8,16,3.24E+00,2.45E+00,1.25E-01,1.34E+01
2005,8,17,0.00E+00,3.10E+00,6.25E-02,1.64E+01
2005,8,18,0.00E+00,3.13E+00,4.46E-02,1.71E+01
2005,8,19,0.00E+00,3.28E+00,3.70E-02,1.79E+01
2005,8,20,6.80E-01,2.80E+00,5.01E-02,1.64E+01
2005,8,21,0.00E+00,2.63E+00,4.51E-02,1.49E+01
2005,8,22,0.00E+00,2.59E+00,3.99E-02,1.50E+01
2005,8,23,0.00E+00,2.94E+00,4.43E-02,1.66E+01
2005,8,24,9.70E-01,2.55E+00,5.78E-02,1.51E+01
2005,8,25,3.00E-02,2.66E+00,3.70E-02,1.52E+01
2005,8,26,4.24E+00,2.35E+00,7.81E-02,1.35E+01
2005,8,27,0.00E+00,2.12E+00,5.30E-02,1.21E+01
2005,8,28,0.00E+00,2.17E+00,3.92E-02,1.22E+01
2005,8,29,0.00E+00,2.54E+00,3.01E-02,1.45E+01
2005,8,30,0.00E+00,2.78E+00,2.12E-02,1.59E+01
2005,8,31,0.00E+00,3.15E+00,1.40E-02,1.84E+01
2005,9,1,0.00E+00,3.45E+00,1.45E-02,2.01E+01
2005,9,2,0.00E+00,2.97E+00,9.79E-03,1.81E+01
2005,9,3,0.00E+00,3.08E+00,5.76E-03,1.81E+01
2005,9,4,3.00E-02,3.00E+00,2.81E-03,1.79E+01
2005,9,5,3.00E-02,3.14E+00,0.00E+00,1.81E+01
2005,9,6,6.00E-02,3.02E+00,0.00E+00,1.83E+01
2005,9,7,4.47E+00,3.10E+00,0.00E+00,1.89E+01
2005,9,8,0.00E+00,3.14E+00,0.00E+00,1.92E+01
2005,9,9,0.00E+00,3.19E+00,0.00E+00,1.94E+01
2005,9,10,8.96E+00,2.94E+00,2.96E-02,1.79E+01
2005,9,11,3.53E+00,2.71E+00,4.74E-01,1.73E+01
2005,9,12,9.90E-01,2.55E+00,1.67E-01,1.62E+01
2005,9,13,2.24E+00,2.50E+00,1.38E-01,1.56E+01
2005,9,14,0.00E+00,2.56E+00,9.28E-02,1.56E+01
2005,9,15,3.00E-02,2.24E+00,7.54E-02,1.51E+01
2005,9,16,9.10E-01,2.67E+00,8.87E-02,1.75E+01
2005,9,17,8.84E+00,2.07E+00,1.67E-01,1.29E+01
2005,9,18,0.00E+00,1.64E+00,7.66E-02,8.24E+00
2005,9,19,0.00E+00,1.58E+00,5.87E-02,8.40E+00
2005,9,20,0.00E+00,1.60E+00,3.80E-02,8.86E+00
2005,9,21,0.00E+00,1.66E+00,2.34E-02,9.40E+00
2005,9,22,0.00E+00,1.69E+00,2.43E-02,1.01E+01
2005,9,23,0.00E+00,1.76E+00,2.14E-02,1.08E+01
2005,9,24,0.00E+00,1.84E+00,2.95E-02,1.18E+01
2005,9,25,0.00E+00,1.97E+00,2.57E-02,1.32E+01
2005,9,26,1.00E-01,2.07E+00,3.32E-02,1.44E+01
2005,9,27,0.00E+00,2.10E+00,3.47E-02,1.41E+01
2005,9,28,3.80E-01,2.11E+00,2.91E-02,1.45E+01
2005,9,29,2.12E+00,1.84E+00,3.23E-02,1.25E+01
2005,9,30,2.11E+00,1.63E+00,3.92E-02,1.02E+01
2005,10,1,1.19E+00,1.47E+00,3.02E-02,9.37E+00
2005,10,2,6.97E+00,1.71E+00,1.13E-01,1.13E+01
2005,10,3,2.11E+00,1.50E+00,4.74E-02,9.12E+00
2005,10,4,0.00E+00,1.53E+00,3.39E-02,9.61E+00
2005,10,5,0.00E+00,1.78E+00,3.23E-02,1.24E+01
2005,10,6,0.00E+00,2.03E+00,3.46E-02,1.42E+01
2005,10,7,0.00E+00,2.04E+00,2.70E-02,1.43E+01
2005,10,8,0.00E+00,2.00E+00,2.35E-02,1.40E+01
2005,10,9,0.00E+00,1.79E+00,3.52E-02,1.23E+01
2005,10,10,0.00E+00,1.65E+00,3.11E-02,1.14E+01
2005,10,11,0.00E+00,1.66E+00,3.29E-02,1.17E+01
2005,10,12,0.00E+00,1.59E+00,3.43E-02,1.11E+01
2005,10,13,0.00E+00,1.62E+00,3.16E-02,1.22E+01
2005,10,14,0.00E+00,1.51E+00,2.09E-02,1.08E+01
2005,10,15,0.00E+00,1.46E+00,1.86E-02,9.87E+00
2005,10,16,0.00E+00,1.36E+00,1.54E-02,9.37E+00
2005,10,17,0.00E+00,1.38E+00,1.36E-02,9.45E+00
2005,10,18,0.00E+00,1.21E+00,1.36E-02,6.84E+00
2005,10,19,7.00E-02,1.18E+00,1.29E-02,6.69E+00
2005,10,20,5.79E+00,1.24E+00,5.94E-02,8.09E+00
2005,10,21,2.08E+00,1.52E+00,6.41E-02,1.14E+01
2005,10,22,2.00E+01,1.70E+00,1.97E-01,1.32E+01
2005,10,23,4.47E+00,1.73E+00,2.55E-01,1.37E+01
2005,10,24,9.20E-01,1.51E+00,6.73E-02,1.14E+01
2005,10,25,0.00E+00,1.37E+00,5.24E-02,1.03E+01
2005,10,26,8.40E-01,1.68E+00,5.93E-02,1.37E+01
2005,10,27,0.00E+00,1.75E+00,4.59E-02,1.44E+01
2005,10,28,3.00E-02,1.71E+00,4.41E-02,1.29E+01
2005,10,29,0.00E+00,1.72E+00,7.21E-02,1.34E+01
2005,10,30,0.00E+00,1.57E+00,9.09E-02,1.28E+01
2005,10,31,0.00E+00,1.53E+00,6.63E-02,1.21E+01
2005,11,1,4.30E-01,1.63E+00,6.27E-02,1.35E+01
2005,11,2,1.68E+01,1.39E+00,1.50E-01,1.09E+01
2005,11,3,9.61E+00,1.24E+00,1.39E-01,9.79E+00
2005,11,4,4.00E-02,1.59E+00,1.15E-01,1.28E+01
2005,11,5,4.76E+00,1.38E+00,1.17E-01,1.13E+01
2005,11,6,2.16E+00,1.09E+00,9.18E-02,7.60E+00
2005,11,7,0.00E+00,1.12E+00,8.57E-02,7.58E+00
2005,11,8,1.96E+00,1.01E+00,1.00E-01,7.24E+00
2005,11,9,0.00E+00,1.21E+00,7.76E-02,8.72E+00
2005,11,10,4.40E-01,9.94E-01,7.53E-02,6.89E+00
2005,11,11,0.00E+00,1.05E+00,6.92E-02,7.20E+00
2005,11,12,6.90E-01,1.05E+00,6.92E-02,7.55E+00
2005,11,13,3.50E-01,9.53E-01,6.63E-02,6.24E+00
2005,11,14,7.80E-01,1.15E+00,7.03E-02,8.96E+00
2005,11,15,0.00E+00,9.67E-01,6.12E-02,6.72E+00
2005,11,16,5.97E+00,8.65E-01,1.05E-01,4.90E+00
2005,11,17,2.47E+00,8.16E-01,1.06E-01,4.09E+00
2005,11,18,1.30E-01,7.43E-01,7.82E-02,2.61E+00
2005,11,19,0.00E+00,7.22E-01,7.36E-02,2.07E+00
2005,11,20,0.00E+00,5.85E-01,6.57E-02,-4.85E-01
2005,11,21,0.00E+00,5.67E-01,5.51E-02,-5.86E-01
2005,11,22,1.30E-01,7.61E-01,6.03E-02,3.36E+00
2005,11,23,0.00E+00,5.91E-01,5.34E-02,-7.11E-01
2005,11,24,3.00E-02,6.13E-01,5.21E-02,2.31E-01
2005,11,25,2.51E+00,6.67E-01,5.88E-02,1.64E+00
2005,11,26,2.00E-01,5.69E-01,8.10E-02,-4.59E-01
2005,11,27,2.10E+00,5.64E-01,9.23E-02,-3.80E-01
2005,11,28,1.01E+00,5.91E-01,9.93E-02,3.64E-01
2005,11,29,3.98E+00,6.22E-01,1.06E-01,1.14E+00
2005,11,30,6.00E-02,6.37E-01,9.72E-02,8.37E-01
2005,12,1,0.00E+00,5.94E-01,6.53E-02,3.00E-01
2005,12,2,0.00E+00,5.80E-01,5.56E-02,-5.06E-01
2005,12,3,1.10E+01,6.09E-01,2.71E-01,1.27E+00
2005,12,4,1.07E+01,8.35E-01,3.85E-01,5.51E+00
2005,12,5,2.05E+01,8.85E-01,1.12E+00,6.58E+00
2005,12,6,8.60E-01,7.80E-01,1.51E+00,4.69E+00
2005,12,7,4.20E-01,7.20E-01,1.30E+00,3.45E+00
2005,12,8,2.20E-01,7.27E-01,1.06E+00,3.81E+00
2005,12,9,5.11E+00,6.79E-01,9.73E-01,2.68E+00
2005,12,10,0.00E+00,6.41E-01,8.14E-01,1.67E+00
2005,12,11,0.00E+00,5.55E-01,7.47E-01,-1.02E+00
2005,12,12,0.00E+00,4.98E-01,7.11E-01,-2.39E+00
2005,12,13,4.00E-02,6.09E-01,6.95E-01,1.57E+00
2005,12,14,6.00E-02,6.75E-01,6.40E-01,2.09E+00
2005,12,15,5.80E-01,6.96E-01,6.11E-01,2.82E+00
2005,12,16,3.90E-01,6.87E-01,5.78E-01,3.36E+00
2005,12,17,6.98E+00,7.95E-01,6.45E-01,5.26E+00
2005,12,18,4.19E+00,5.65E-01,5.85E-01,3.02E-01
2005,12,19,0.00E+00,5.70E-01,5.46E-01,3.72E-01
2005,12,20,2.13E+00,5.45E-01,5.46E-01,-5.81E-02
2005,12,21,0.00E+00,5.64E-01,5.50E-01,4.31E-01
2005,12,22,0.00E+00,5.79E-01,5.59E-01,6.47E-01
2005,12,23,9.00E-02,5.90E-01,5.82E-01,1.05E+00
2005,12,24,0.00E+00,6.61E-01,6.06E-01,2.92E+00
2005,12,25,0.00E+00,7.20E-01,6.30E-01,3.87E+00
2005,12,26,6.00E-02,6.89E-01,6.71E-01,2.69E+00
2005,12,27,3.57E+00,5.50E-01,7.46E-01,-2.33E-01
2005,12,28,1.71E+00,4.39E-01,7.98E-01,-3.48E+00
2005,12,29,6.90E-01,4.48E-01,8.17E-01,-3.41E+00
2005,12,30,2.70E-01,3.88E-01,7.71E-01,-4.85E+00
2005,12,31,9.99E+00,4.18E-01,8.56E-01,-4.10E+00
2006,1,1,1.66E+00,6.76E-01,9.36E-01,2.96E+00
2006,1,2,3.85E+00,6.89E-01,9.73E-01,2.52E+00
2006,1,3,0.00E+00,7.12E-01,1.12E+00,2.56E+00
2006,1,4,0.00E+00,5.92E-01,1.48E+00,2.06E-01
2006,1,5,0.00E+00,5.18E-01,1.77E+00,-1.25E+00
2006,1,6,5.90E-01,5.18E-01,1.82E+00,-1.44E+00
2006,1,7,0.00E+00,4.40E-01,1.71E+00,-2.79E+00
2006,1,8,0.00E+00,4.58E-01,1.53E+00,-2.84E+00
2006,1,9,0.00E+00,5.31E-01,1.43E+00,-1.00E+00
2006,1,10,0.00E+00,4.32E-01,1.27E+00,-3.77E+00
2006,1,11,0.00E+00,4.48E-01,1.13E+00,-3.58E+00
2006,1,12,3.30E+00,5.00E-01,1.06E+00,-1.78E+00
2006,1,13,5.70E-01,6.12E-01,1.03E+00,7.98E-01
2006,1,14,0.00E+00,5.42E-01,9.24E-01,-1.03E+00
2006,1,15,0.00E+00,4.79E-01,8.29E-01,-3.52E+00
2006,1,16,0.00E+00,3.92E-01,7.19E-01,-5.71E+00
2006,1,17,5.70E-01,4.64E-01,6.41E-01,-3.72E+00
2006,1,18,1.86E+01,7.06E-01,9.26E-01,2.51E+00
2006,1,19,8.20E-01,7.17E-01,1.03E+00,2.68E+00
2006,1,20,0.00E+00,6.31E-01,1.16E+00,9.21E-01
2006,1,21,2.95E+00,8.12E-01,1.61E+00,4.61E+00
2006,1,22,1.28E+00,7.32E-01,2.66E+00,2.85E+00
2006,1,23,0.00E+00,6.54E-01,3.56E+00,8.17E-01
2006,1,24,0.00E+00,4.83E-01,3.37E+00,-3.53E+00
2006,1,25,0.00E+00,4.54E-01,2.98E+00,-4.70E+00
2006,1,26,4.20E-01,4.89E-01,2.60E+00,-3.28E+00
2006,1,27,1.10E-01,5.37E-01,2.26E+00,-2.05E+00
2006,1,28,0.00E+00,4.09E-01,1.89E+00,-6.06E+00
2006,1,29,1.00E-01,5.60E-01,1.64E+00,-2.57E+00
2006,1,30,0.00E+00,7.83E-01,1.42E+00,1.25E+00
2006,1,31,0.00E+00,6.72E-01,1.23E+00,-1.52E-01
2006,2,1,0.00E+00,6.15E-01,1.09E+00,-1.05E+00
2006,2,2,0.00E+00,5.43E-01,9.63E-01,-2.79E+00
2006,2,3,3.00E-02,4.63E-01,8.56E-01,-4.82E+00
2006,2,4,0.00E+00,4.41E-01,7.44E-01,-5.37E+00
2006,2,5,0.00E+00,6.51E-01,7.00E-01,-4.52E-01
2006,2,6,5.00E-01,6.92E-01,6.40E-01,9.39E-01
2006,2,7,3.00E-02,7.82E-01,6.09E-01,2.34E+00
2006,2,8,4.50E-01,7.87E-01,5.86E-01,2.92E+00
2006,2,9,2.95E+00,7.92E-01,6.22E-01,2.68E+00
2006,2,10,3.55E+00,6.82E-01,5.37E-01,7.14E-01
2006,2,11,3.60E-01,7.20E-01,4.90E-01,1.12E+00
2006,2,12,0.00E+00,7.04E-01,4.43E-01,3.44E-01
2006,2,13,2.59E+00,6.67E-01,4.18E-01,-2.17E-01
2006,2,14,7.00E-02,6.45E-01,4.09E-01,-7.14E-01
2006,2,15,2.70E-01,7.75E-01,4.22E-01,1.68E+00
2006,2,16,2.20E+01,9.73E-01,1.14E+00,5.16E+00
2006,2,17,8.62E+00,1.03E+00,4.09E+00,5.87E+00
2006,2,18,1.93E+00,9.50E-01,6.32E+00,4.52E+00
2006,2,19,1.27E+01,9.09E-01,6.11E+00,3.77E+00
2006,2,20,1.49E+00,9.87E-01,6.96E+00,4.72E+00
2006,2,21,1.27E+00,9.61E-01,6.57E+00,4.01E+00
2006,2,22,9.20E-01,8.30E-01,5.10E+00,2.26E+00
2006,2,23,3.00E-02,7.98E-01,4.10E+00,1.55E+00
2006,2,24,0.00E+00,7.07E-01,3.41E+00,-3.59E-01
2006,2,25,0.00E+00,7.65E-01,2.93E+00,8.00E-01
2006,2,26,0.00E+00,7.35E-01,2.51E+00,3.65E-02
2006,2,27,0.00E+00,5.99E-01,2.13E+00,-3.15E+00
2006,2,28,4.00E-01,5.94E-01,1.87E+00,-2.74E+00
2006,3,1,3.36E+00,7.21E-01,1.72E+00,-1.96E-01
2006,3,2,3.90E-01,6.35E-01,1.48E+00,-2.06E+00
2006,3,3,5.40E-01,6.57E-01,1.31E+00,-1.84E+00
2006,3,4,8.84E+00,6.80E-01,1.20E+00,-1.72E+00
2006,3,5,0.00E+00,5.95E-01,1.06E+00,-3.04E+00
2006,3,6,5.90E-01,5.04E-01,9.31E-01,-4.30E+00
2006,3,7,2.90E+00,5.97E-01,8.30E-01,-2.43E+00
2006,3,8,1.50E-01,7.76E-01,7.61E-01,2.14E-01
2006,3,9,1.14E+01,8.61E-01,9.96E-01,2.04E+00
2006,3,10,7.09E+00,1.15E+00,2.48E+00,6.17E+00
2006,3,11,2.47E+00,9.80E-01,4.91E+00,3.20E+00
2006,3,12,2.76E+00,8.44E-01,6.10E+00,9.39E-01
2006,3,13,3.00E-02,6.03E-01,5.25E+00,-4.30E+00
2006,3,14,0.00E+00,6.55E-01,4.44E+00,-3.19E+00
2006,3,15,0.00E+00,7.66E-01,3.70E+00,-1.18E+00
2006,3,16,0.00E+00,8.94E-01,3.08E+00,1.27E+00
2006,3,17,0.00E+00,8.03E-01,2.52E+00,-1.27E-01
2006,3,18,0.00E+00,9.17E-01,2.14E+00,1.53E+00
2006,3,19,0.00E+00,9.99E-01,1.85E+00,2.64E+00
2006,3,20,0.00E+00,1.10E+00,1.62E+00,3.15E+00
2006,3,21,2.60E-01,1.14E+00,1.42E+00,4.40E+00
2006,3,22,2.34E+00,1.02E+00,1.30E+00,2.97E+00
2006,3,23,2.20E-01,1.01E+00,1.14E+00,2.74E+00
2006,3,24,0.00E+00,1.11E+00,1.03E+00,3.83E+00
2006,3,25,7.77E+00,1.27E+00,1.07E+00,5.96E+00
2006,3,26,9.73E+00,1.68E+00,1.09E+00,1.05E+01
2006,3,27,2.62E+00,1.95E+00,1.28E+00,1.25E+01
2006,3,28,4.06E+00,1.83E+00,1.65E+00,1.18E+01
2006,3,29,4.41E+00,1.49E+00,2.10E+00,8.27E+00
2006,3,30,2.53E+00,1.37E+00,2.41E+00,6.61E+00
2006,3,31,2.57E+01,1.72E+00,3.23E+00,1.04E+01
2006,4,1,1.44E+01,1.76E+00,7.95E+00,1.07E+01
2006,4,2,4.83E+00,1.55E+00,9.31E+00,8.55E+00
2006,4,3,6.34E+00,1.50E+00,8.09E+00,7.90E+00
2006,4,4,4.98E+00,1.34E+00,6.63E+00,6.32E+00
2006,4,5,0.00E+00,1.23E+00,5.67E+00,4.92E+00
2006,4,6,0.00E+00,1.14E+00,4.83E+00,3.10E+00
2006,4,7,0.00E+00,1.14E+00,3.95E+00,3.21E+00
2006,4,8,0.00E+00,1.25E+00,3.20E+00,4.74E+00
2006,4,9,0.00E+00,1.36E+00,2.66E+00,6.34E+00
2006,4,10,9.00E-02,1.45E+00,2.24E+00,6.49E+00
2006,4,11,0.00E+00,1.36E+00,1.88E+00,4.98E+00
2006,4,12,0.00E+00,1.23E+00,1.58E+00,4.14E+00
2006,4,13,7.40E-01,1.47E+00,1.39E+00,6.55E+00
2006,4,14,1.65E+00,1.42E+00,1.22E+00,6.66E+00
2006,4,15,2.45E+00,1.73E+00,1.13E+00,9.30E+00
2006,4,16,3.92E+00,1.78E+00,1.05E+00,9.75E+00
2006,4,17,1.75E+01,1.84E+00,1.55E+00,1.01E+01
2006,4,18,0.00E+00,1.87E+00,1.78E+00,1.01E+01
2006,4,19,0.00E+00,1.71E+00,2.20E+00,8.49E+00
2006,4,20,0.00E+00,1.58E+00,2.30E+00,7.54E+00
2006,4,21,0.00E+00,1.72E+00,2.16E+00,8.67E+00
2006,4,22,0.00E+00,2.06E+00,1.97E+00,1.20E+01
2006,4,23,0.00E+00,1.91E+00,1.76E+00,1.14E+01
2006,4,24,0.00E+00,1.66E+00,1.54E+00,8.66E+00
2006,4,25,0.00E+00,2.61E+00,1.34E+00,1.34E+01
2006,4,26,1.00E+00,2.49E+00,1.18E+00,1.40E+01
2006,4,27,5.20E-01,2.28E+00,1.06E+00,1.24E+01
2006,4,28,0.00E+00,2.07E+00,9.40E-01,1.06E+01
2006,4,29,0.00E+00,1.88E+00,8.46E-01,8.97E+00
2006,4,30,0.00E+00,1.49E+00,7.63E-01,5.49E+00
2006,5,1,6.57E+00,1.24E+00,7.79E-01,3.31E+00
2006,5,2,3.03E+00,1.63E+00,7.16E-01,7.09E+00
2006,5,3,0.00E+00,2.28E+00,6.40E-01,1.18E+01
2006,5,4,0.00E+00,2.74E+00,5.90E-01,1.51E+01
2006,5,5,0.00E+00,3.13E+00,5.53E-01,1.70E+01
2006,5,6,3.03E+00,2.78E+00,5.89E-01,1.52E+01
2006,5,7,3.00E-02,2.96E+00,5.17E-01,1.56E+01
2006,5,8,0.00E+00,2.78E+00,4.91E-01,1.47E+01
2006,5,9,1.26E+01,2.51E+00,6.31E-01,1.34E+01
2006,5,10,3.80E-01,2.53E+00,5.38E-01,1.30E+01
2006,5,11,3.00E-02,2.44E+00,5.14E-01,1.24E+01
2006,5,12,0.00E+00,2.77E+00,5.26E-01,1.44E+01
2006,5,13,1.85E+00,2.84E+00,5.44E-01,1.51E+01
2006,5,14,1.77E+01,2.51E+00,6.36E-01,1.32E+01
2006,5,15,0.00E+00,2.33E+00,5.59E-01,1.16E+01
2006,5,16,0.00E+00,2.66E+00,5.51E-01,1.38E+01
2006,5,17,5.11E+00,2.93E+00,5.80E-01,1.57E+01
2006,5,18,1.28E+00,2.97E+00,5.61E-01,1.55E+01
2006,5,19,9.60E-01,3.01E+00,5.28E-01,1.55E+01
2006,5,20,2.01E+00,2.31E+00,5.32E-01,1.16E+01
2006,5,21,2.06E+01,2.15E+00,9.96E-01,1.04E+01
2006,5,22,2.74E+00,2.53E+00,1.25E+00,1.28E+01
2006,5,23,6.28E+00,2.56E+00,1.99E+00,1.27E+01
2006,5,24,2.80E+00,2.04E+00,2.13E+00,9.28E+00
2006,5,25,2.29E+00,1.91E+00,2.23E+00,8.64E+00
2006,5,26,8.75E+00,2.13E+00,2.31E+00,1.01E+01
2006,5,27,1.41E+01,2.63E+00,2.43E+00,1.36E+01
2006,5,28,2.17E+00,2.94E+00,3.28E+00,1.53E+01
2006,5,29,1.87E+00,2.83E+00,4.10E+00,1.45E+01
2006,5,30,1.03E+01,2.02E+00,3.80E+00,9.06E+00
2006,5,31,3.09E+00,1.81E+00,3.32E+00,7.20E+00
2006,6,1,1.50E+00,1.83E+00,2.98E+00,7.40E+00
2006,6,2,2.16E+00,1.81E+00,2.69E+00,6.99E+00
2006,6,3,0.00E+00,2.26E+00,2.38E+00,9.60E+00
2006,6,4,0.00E+00,2.49E+00,2.07E+00,1.20E+01
2006,6,5,0.00E+00,2.74E+00,1.79E+00,1.31E+01
2006,6,6,2.90E-01,2.68E+00,1.53E+00,1.26E+01
2006,6,7,0.00E+00,2.43E+00,1.28E+00,1.10E+01
2006,6,8,0.00E+00,2.71E+00,1.09E+00,1.29E+01
2006,6,9,0.00E+00,3.08E+00,9.33E-01,1.50E+01
2006,6,10,0.00E+00,3.32E+00,8.02E-01,1.63E+01
2006,6,11,0.00E+00,3.66E+00,6.95E-01,1.79E+01
2006,6,12,0.00E+00,3.94E+00,6.05E-01,1.91E+01
2006,6,13,0.00E+00,3.96E+00,5.29E-01,1.91E+01
2006,6,14,0.00E+00,4.42E+00,4.69E-01,2.11E+01
2006,6,15,3.60E-01,4.40E+00,4.26E-01,2.15E+01
2006,6,16,6.60E+00,3.66E+00,4.91E-01,1.83E+01
2006,6,17,0.00E+00,3.21E+00,3.73E-01,1.55E+01
2006,6,18,0.00E+00,3.41E+00,3.27E-01,1.63E+01
2006,6,19,0.00E+00,3.94E+00,2.91E-01,1.95E+01
2006,6,20,5.40E-01,3.87E+00,2.81E-01,1.89E+01
2006,6,21,0.00E+00,3.72E+00,2.58E-01,1.84E+01
2006,6,22,0.00E+00,3.52E+00,2.31E-01,1.76E+01
2006,6,23,4.80E-01,2.88E+00,2.20E-01,1.41E+01
2006,6,24,0.00E+00,3.09E+00,1.98E-01,1.48E+01
2006,6,25,0.00E+00,3.73E+00,1.77E-01,1.78E+01
2006,6,26,8.50E+00,3.79E+00,2.53E-01,1.88E+01
2006,6,27,1.10E+00,3.54E+00,2.03E-01,1.76E+01
2006,6,28,0.00E+00,3.48E+00,1.66E-01,1.73E+01
2006,6,29,0.00E+00,3.87E+00,1.47E-01,1.82E+01
2006,6,30,2.20E-01,3.83E+00,1.45E-01,1.81E+01
2006,7,1,0.00E+00,4.33E+00,1.14E-01,1.98E+01
2006,7,2,0.00E+00,4.43E+00,9.65E-02,2.06E+01
2006,7,3,0.00E+00,4.33E+00,9.47E-02,2.02E+01
2006,7,4,0.00E+00,4.46E+00,1.06E-01,2.05E+01
2006,7,5,0.00E+00,4.80E+00,8.14E-02,2.22E+01
2006,7,6,5.30E-01,4.55E+00,6.64E-02,2.18E+01
2006,7,7,0.00E+00,4.05E+00,7.08E-02,1.97E+01
2006,7,8,1.10E-01,3.95E+00,6.99E-02,1.96E+01
2006,7,9,1.50E-01,3.99E+00,5.89E-02,1.93E+01
2006,7,10,0.00E+00,3.74E+00,5.27E-02,1.89E+01
2006,7,11,0.00E+00,4.17E+00,4.23E-02,2.04E+01
2006,7,12,0.00E+00,4.75E+00,3.64E-02,2.28E+01
2006,7,13,0.00E+00,4.81E+00,3.44E-02,2.25E+01
2006,7,14,3.99E+01,4.27E+00,4.79E-01,2.11E+01
2006,7,15,0.00E+00,4.36E+00,1.26E-01,2.05E+01
2006,7,16,0.00E+00,4.02E+00,6.73E-02,1.91E+01
2006,7,17,0.00E+00,4.29E+00,5.43E-02,2.05E+01
2006,7,18,0.00E+00,4.39E+00,4.81E-02,2.11E+01
2006,7,19,0.00E+00,4.63E+00,3.96E-02,2.22E+01
2006,7,20,0.00E+00,4.97E+00,3.40E-02,2.38E+01
2006,7,21,0.00E+00,5.00E+00,2.78E-02,2.37E+01
2006,7,22,0.00E+00,5.33E+00,2.29E-02,2.46E+01
2006,7,23,2.51E+00,4.57E+00,3.53E-02,2.22E+01
2006,7,24,1.00E-01,4.47E+00,3.27E-02,2.15E+01
2006,7,25,0.00E+00,4.75E+00,2.10E-02,2.25E+01
2006,7,26,0.00E+00,5.35E+00,1.37E-02,2.45E+01
2006,7,27,0.00E+00,5.65E+00,9.29E-03,2.56E+01
2006,7,28,3.00E-02,4.90E+00,5.11E-03,2.33E+01
2006,7,29,5.50E-01,3.81E+00,1.13E-02,1.94E+01
2006,7,30,0.00E+00,3.93E+00,1.41E-02,2.07E+01
2006,7,31,6.80E-01,3.80E+00,5.84E-03,2.00E+01
2006,8,1,8.10E-01,3.65E+00,1.15E-02,1.91E+01
2006,8,2,4.81E+00,3.00E+00,3.49E-02,1.64E+01
2006,8,3,1.04E+01,2.68E+00,6.46E-02,1.43E+01
2006,8,4,3.30E-01,2.58E+00,4.63E-02,1.35E+01
2006,8,5,1.87E+01,2.74E+00,2.30E-01,1.47E+01
2006,8,6,1.75E+00,3.50E+00,6.62E-02,1.77E+01
2006,8,7,3.00E-02,3.53E+00,2.93E-02,1.80E+01
2006,8,8,0.00E+00,3.57E+00,2.05E-02,1.84E+01
2006,8,9,0.00E+00,3.29E+00,1.69E-02,1.72E+01
2006,8,10,6.20E-01,2.79E+00,1.50E-02,1.51E+01
2006,8,11,1.96E+00,2.52E+00,4.00E-02,1.37E+01
2006,8,12,1.03E+01,2.32E+00,1.19E-01,1.21E+01
2006,8,13,2.22E+00,2.33E+00,4.86E-02,1.22E+01
2006,8,14,0.00E+00,2.42E+00,3.85E-02,1.29E+01
2006,8,15,3.32E+00,2.52E+00,4.40E-02,1.37E+01
2006,8,16,4.86E+00,2.67E+00,6.11E-02,1.49E+01
2006,8,17,5.20E-01,2.66E+00,4.54E-02,1.48E+01
2006,8,18,4.93E+00,3.12E+00,4.22E-02,1.73E+01
2006,8,19,4.55E+00,3.00E+00,6.16E-02,1.65E+01
2006,8,20,2.29E+00,2.87E+00,5.51E-02,1.63E+01
2006,8,21,2.98E+00,2.60E+00,5.97E-02,1.50E+01
2006,8,22,4.10E+00,2.59E+00,6.64E-02,1.49E+01
2006,8,23,0.00E+00,2.55E+00,5.73E-02,1.46E+01
2006,8,24,0.00E+00,2.73E+00,3.25E-02,1.55E+01
2006,8,25,1.90E+01,2.39E+00,1.68E-01,1.37E+01
2006,8,26,1.09E+01,2.39E+00,2.46E-01,1.38E+01
2006,8,27,5.00E-01,2.41E+00,1.15E-01,1.35E+01
2006,8,28,1.12E+00,2.52E+00,9.57E-02,1.49E+01
2006,8,29,1.11E+01,2.10E+00,1.60E-01,1.21E+01
2006,8,30,4.72E+00,1.93E+00,1.44E-01,1.08E+01
2006,8,31,0.00E+00,2.00E+00,1.11E-01,1.14E+01
2006,9,1,0.00E+00,2.10E+00,8.73E-02,1.23E+01
2006,9,2,0.00E+00,2.59E+00,7.69E-02,1.54E+01
2006,9,3,0.00E+00,2.83E+00,7.12E-02,1.71E+01
2006,9,4,2.85E+00,3.08E+00,8.69E-02,1.89E+01
2006,9,5,0.00E+00,3.06E+00,6.54E-02,1.87E+01
2006,9,6,0.00E+00,2.81E+00,5.30E-02,1.72E+01
2006,9,7,0.00E+00,3.04E+00,4.75E-02,1.84E+01
2006,9,8,0.00E+00,2.62E+00,4.61E-02,1.65E+01
2006,9,9,0.00E+00,2.18E+00,3.76E-02,1.27E+01
2006,9,10,0.00E+00,2.25E+00,3.25E-02,1.36E+01
2006,9,11,0.00E+00,2.53E+00,2.79E-02,1.55E+01
2006,9,12,0.00E+00,2.72E+00,3.49E-02,1.70E+01
2006,9,13,0.00E+00,2.87E+00,3.68E-02,1.81E+01
2006,9,14,0.00E+00,2.90E+00,2.86E-02,1.82E+01
2006,9,15,0.00E+00,2.75E+00,2.88E-02,1.76E+01
2006,9,16,0.00E+00,2.73E+00,2.13E-02,1.73E+01
2006,9,17,0.00E+00,2.41E+00,3.59E-02,1.57E+01
2006,9,18,0.00E+00,2.68E+00,4.62E-02,1.75E+01
2006,9,19,1.43E+00,2.40E+00,5.02E-02,1.57E+01
2006,9,20,0.00E+00,2.08E+00,2.98E-02,1.35E+01
2006,9,21,1.00E-01,2.08E+00,2.75E-02,1.34E+01
2006,9,22,0.00E+00,2.28E+00,2.17E-02,1.51E+01
2006,9,23,0.00E+00,2.65E+00,1.53E-02,1.74E+01
2006,9,24,0.00E+00,2.62E+00,7.76E-03,1.76E+01
2006,9,25,7.00E-01,2.68E+00,8.54E-03,1.78E+01
2006,9,26,7.10E-01,2.28E+00,1.46E-02,1.54E+01
2006,9,27,1.90E-01,2.12E+00,1.52E-02,1.44E+01
2006,9,28,0.00E+00,1.88E+00,1.64E-02,1.24E+01
2006,9,29,0.00E+00,1.93E+00,1.14E-02,1.28E+01
2006,9,30,0.00E+00,2.03E+00,1.12E-02,1.37E+01
2006,10,1,1.43E+01,2.00E+00,1.50E-01,1.42E+01
2006,10,2,5.45E+00,2.18E+00,8.26E-02,1.55E+01
2006,10,3,8.80E-01,1.95E+00,4.44E-02,1.36E+01
2006,10,4,1.75E+01,1.77E+00,1.92E-01,1.20E+01
2006,10,5,2.70E-01,1.60E+00,7.92E-02,1.05E+01
2006,10,6,8.00E-01,1.55E+00,4.03E-02,1.06E+01
2006,10,7,1.19E+01,1.87E+00,1.06E-01,1.35E+01
2006,10,8,2.73E+00,1.65E+00,1.14E-01,1.12E+01
2006,10,9,0.00E+00,1.30E+00,5.04E-02,7.52E+00
2006,10,10,0.00E+00,1.51E+00,4.43E-02,1.02E+01
2006,10,11,7.60E-01,1.92E+00,4.43E-02,1.34E+01
2006,10,12,0.00E+00,1.65E+00,4.33E-02,1.19E+01
2006,10,13,4.00E-02,1.80E+00,4.31E-02,1.34E+01
2006,10,14,0.00E+00,2.03E+00,3.97E-02,1.50E+01
2006,10,15,0.00E+00,1.73E+00,3.76E-02,1.27E+01
2006,10,16,0.00E+00,1.52E+00,5.71E-02,1.03E+01
2006,10,17,0.00E+00,1.40E+00,7.48E-02,9.13E+00
2006,10,18,0.00E+00,1.31E+00,7.13E-02,8.45E+00
2006,10,19,0.00E+00,1.49E+00,7.59E-02,1.09E+01
2006,10,20,2.51E+00,1.62E+00,7.56E-02,1.23E+01
2006,10,21,4.67E+00,1.78E+00,1.22E-01,1.37E+01
2006,10,22,1.89E+00,1.75E+00,1.14E-01,1.36E+01
2006,10,23,3.34E+00,1.82E+00,8.66E-02,1.43E+01
2006,10,24,2.03E+01,1.93E+00,3.47E-01,1.54E+01
2006,10,25,1.72E+01,1.53E+00,4.06E-01,1.18E+01
2006,10,26,0.00E+00,1.41E+00,2.65E-01,1.03E+01
2006,10,27,0.00E+00,1.71E+00,2.10E-01,1.35E+01
2006,10,28,0.00E+00,1.78E+00,1.69E-01,1.47E+01
2006,10,29,9.00E-02,1.71E+00,1.53E-01,1.41E+01
2006,10,30,4.80E-01,1.63E+00,1.44E-01,1.33E+01
2006,10,31,0.00E+00,1.14E+00,1.32E-01,7.67E+00
2006,11,1,1.20E+00,1.08E+00,1.29E-01,7.60E+00
2006,11,2,1.82E+00,9.64E-01,1.42E-01,5.53E+00
2006,11,3,7.90E-01,7.61E-01,1.08E-01,1.94E+00
2006,11,4,0.00E+00,8.55E-01,1.03E-01,3.48E+00
2006,11,5,0.00E+00,9.48E-01,9.70E-02,5.62E+00
2006,11,6,0.00E+00,9.19E-01,9.54E-02,5.25E+00
2006,11,7,0.00E+00,9.12E-01,9.32E-02,4.93E+00
2006,11,8,0.00E+00,8.27E-01,9.19E-02,3.31E+00
2006,11,9,3.00E-02,9.27E-01,8.86E-02,5.73E+00
2006,11,10,1.10E+00,1.11E+00,8.74E-02,8.22E+00
2006,11,11,3.00E-02,7.10E-01,6.77E-02,1.81E+00
2006,11,12,4.32E+00,8.36E-01,1.03E-01,4.83E+00
2006,11,13,1.85E+00,9.51E-01,1.06E-01,6.59E+00
2006,11,14,3.29E+00,1.05E+00,9.29E-02,8.11E+00
2006,11,15,3.65E+00,1.32E+00,1.16E-01,1.16E+01
2006,11,16,0.00E+00,1.29E+00,9.14E-02,1.06E+01
2006,11,17,5.10E-01,1.27E+00,9.09E-02,1.13E+01
2006,11,18,8.25E+00,1.19E+00,2.33E-01,9.59E+00
2006,11,19,6.60E-01,9.40E-01,1.82E-01,6.60E+00
2006,11,20,1.69E+01,9.36E-01,5.05E-01,6.53E+00
2006,11,21,1.76E+01,8.82E-01,5.66E-01,5.66E+00
2006,11,22,8.55E+00,9.76E-01,1.29E+00,7.11E+00
2006,11,23,1.98E+00,8.08E-01,1.47E+00,4.33E+00
2006,11,24,2.54E+01,1.08E+00,2.33E+00,9.09E+00
2006,11,25,5.27E+00,1.14E+00,4.36E+00,9.65E+00
2006,11,26,4.58E+00,1.41E+00,4.04E+00,1.27E+01
2006,11,27,3.40E-01,1.06E+00,3.57E+00,8.60E+00
2006,11,28,0.00E+00,9.67E-01,3.15E+00,7.67E+00
2006,11,29,3.80E-01,1.02E+00,2.63E+00,8.27E+00
2006,11,30,3.00E-02,9.46E-01,2.18E+00,7.28E+00
2006,12,1,2.40E-01,7.33E-01,1.82E+00,3.46E+00
2006,12,2,0.00E+00,8.92E-01,1.59E+00,6.15E+00
2006,12,3,1.00E-01,8.71E-01,1.40E+00,6.19E+00
2006,12,4,1.31E+01,1.05E+00,1.52E+00,9.16E+00
2006,12,5,1.64E+01,1.02E+00,2.08E+00,8.81E+00
2006,12,6,4.60E+00,1.27E+00,4.32E+00,1.23E+01
2006,12,7,2.19E+00,9.76E-01,5.25E+00,8.06E+00
2006,12,8,1.08E+01,8.85E-01,5.65E+00,6.67E+00
2006,12,9,1.38E+01,9.94E-01,7.22E+00,8.51E+00
2006,12,10,2.41E+00,7.95E-01,8.92E+00,5.16E+00
2006,12,11,0.00E+00,6.10E-01,6.86E+00,1.71E+00
2006,12,12,3.54E+00,7.15E-01,5.34E+00,3.65E+00
2006,12,13,2.20E+00,7.84E-01,4.28E+00,4.85E+00
2006,12,14,1.50E-01,7.79E-01,3.46E+00,4.90E+00
2006,12,15,0.00E+00,8.03E-01,2.93E+00,5.18E+00
2006,12,16,0.00E+00,5.79E-01,2.54E+00,3.02E-01
2006,12,17,3.97E+00,7.06E-01,2.30E+00,3.71E+00
2006,12,18,0.00E+00,6.12E-01,1.95E+00,1.45E+00
2006,12,19,2.20E-01,6.15E-01,1.68E+00,1.41E+00
2006,12,20,0.00E+00,6.32E-01,1.49E+00,1.63E+00
2006,12,21,0.00E+00,5.95E-01,1.35E+00,8.65E-02
2006,12,22,0.00E+00,7.43E-01,1.25E+00,3.77E+00
2006,12,23,0.00E+00,6.76E-01,1.16E+00,1.48E+00
2006,12,24,0.00E+00,6.09E-01,1.07E+00,9.85E-01
2006,12,25,0.00E+00,6.64E-01,9.91E-01,1.58E+00
2006,12,26,0.00E+00,5.15E-01,9.05E-01,-1.13E+00
2006,12,27,0.00E+00,5.38E-01,8.29E-01,-3.95E-01
2006,12,28,0.00E+00,5.01E-01,7.59E-01,-1.59E+00
2006,12,29,3.00E-02,5.03E-01,7.09E-01,-1.49E+00
2006,12,30,0.00E+00,5.27E-01,6.69E-01,-1.42E+00
2006,12,31,1.94E+01,6.68E-01,9.47E-01,3.25E+00
2007,1,1,1.00E+01,9.90E-01,1.33E+00,8.70E+00
2007,1,2,1.39E+01,8.83E-01,7.78E+00,6.69E+00
2007,1,3,5.28E+00,7.15E-01,9.27E+00,3.55E+00
2007,1,4,4.30E-01,7.66E-01,7.17E+00,4.54E+00
2007,1,5,3.81E+00,8.57E-01,5.89E+00,6.25E+00
2007,1,6,2.04E+00,8.82E-01,4.85E+00,6.73E+00
2007,1,7,1.09E+01,1.04E+00,4.45E+00,9.25E+00
2007,1,8,0.00E+00,9.02E-01,5.01E+00,6.82E+00
2007,1,9,1.16E+01,9.70E-01,6.06E+00,7.96E+00
2007,1,10,2.40E+00,1.18E+00,6.53E+00,1.11E+01
2007,1,11,3.14E+00,1.03E+00,6.35E+00,8.52E+00
2007,1,12,5.24E+00,8.57E-01,5.44E+00,5.97E+00
2007,1,13,1.70E-01,9.37E-01,4.83E+00,7.45E+00
2007,1,14,4.40E-01,1.09E+00,4.52E+00,9.64E+00
2007,1,15,5.60E-01,8.52E-01,3.97E+00,5.46E+00
2007,1,16,0.00E+00,5.61E-01,3.36E+00,-7.59E-01
2007,1,17,7.00E-02,7.31E-01,2.93E+00,3.34E+00
2007,1,18,1.72E+01,1.04E+00,2.80E+00,8.58E+00
2007,1,19,4.18E+01,1.23E+00,1.31E+01,1.11E+01
2007,1,20,6.31E+00,1.23E+00,2.14E+01,1.13E+01
2007,1,21,3.89E+00,1.13E+00,1.35E+01,9.64E+00
2007,1,22,3.07E+00,8.72E-01,8.51E+00,5.49E+00
2007,1,23,0.00E+00,7.25E-01,6.50E+00,2.39E+00
2007,1,24,4.00E-02,5.39E-01,5.20E+00,-1.74E+00
2007,1,25,0.00E+00,5.36E-01,4.21E+00,-2.34E+00
2007,1,26,0.00E+00,4.87E-01,3.31E+00,-3.83E+00
2007,1,27,5.00E-02,4.56E-01,2.72E+00,-4.21E+00
2007,1,28,6.00E-01,6.82E-01,2.34E+00,1.53E+00
2007,1,29,6.00E-02,7.30E-01,2.00E+00,2.69E+00
2007,1,30,4.30E-01,8.51E-01,1.76E+00,4.53E+00
2007,1,31,0.00E+00,9.17E-01,1.51E+00,5.10E+00
2007,2,1,0.00E+00,8.70E-01,1.34E+00,4.72E+00
2007,2,2,0.00E+00,9.55E-01,1.19E+00,5.90E+00
2007,2,3,3.00E-02,1.06E+00,1.07E+00,7.44E+00
2007,2,4,0.00E+00,8.53E-01,9.69E-01,3.52E+00
2007,2,5,0.00E+00,7.80E-01,9.11E-01,2.91E+00
2007,2,6,3.30E-01,6.55E-01,8.99E-01,6.84E-01
2007,2,7,4.15E+00,6.84E-01,8.89E-01,7.01E-01
2007,2,8,1.45E+00,6.85E-01,8.50E-01,5.04E-01
2007,2,9,1.40E+01,7.38E-01,9.60E-01,1.95E+00
2007,2,10,8.40E-01,8.75E-01,9.05E-01,3.98E+00
2007,2,11,3.53E+00,9.40E-01,9.69E-01,5.00E+00
2007,2,12,1.48E+01,1.08E+00,1.78E+00,6.99E+00
2007,2,13,1.40E+01,1.08E+00,5.17E+00,6.89E+00
2007,2,14,2.96E+00,1.00E+00,8.34E+00,5.40E+00
2007,2,15,1.49E+01,9.53E-01,8.35E+00,4.88E+00
2007,2,16,0.00E+00,1.00E+00,8.07E+00,4.63E+00
2007,2,17,0.00E+00,8.56E-01,6.84E+00,2.88E+00
2007,2,18,0.00E+00,8.88E-01,5.33E+00,2.94E+00
2007,2,19,0.00E+00,9.04E-01,4.22E+00,3.71E+00
2007,2,20,0.00E+00,9.38E-01,3.33E+00,3.98E+00
2007,2,21,0.00E+00,9.23E-01,2.67E+00,3.39E+00
2007,2,22,1.18E+00,8.81E-01,2.23E+00,3.17E+00
2007,2,23,0.00E+00,1.10E+00,1.89E+00,5.77E+00
2007,2,24,1.70E+00,1.22E+00,1.63E+00,7.45E+00
2007,2,25,1.06E+01,1.23E+00,1.56E+00,7.68E+00
2007,2,26,1.47E+01,1.12E+00,1.74E+00,6.35E+00
2007,2,27,4.83E+00,1.09E+00,2.25E+00,5.85E+00
2007,2,28,4.38E+00,1.06E+00,3.46E+00,5.42E+00
2007,3,1,1.16E+01,1.30E+00,4.35E+00,8.40E+00
2007,3,2,2.11E+01,1.22E+00,8.27E+00,7.28E+00
2007,3,3,2.25E+00,1.06E+00,1.00E+01,4.87E+00
2007,3,4,1.07E+01,1.18E+00,8.23E+00,6.75E+00
2007,3,5,0.00E+00,1.13E+00,7.01E+00,6.04E+00
2007,3,6,3.15E+00,1.29E+00,5.86E+00,7.85E+00
2007,3,7,1.31E+01,1.25E+00,4.88E+00,6.99E+00
2007,3,8,6.91E+00,1.19E+00,5.59E+00,6.12E+00
2007,3,9,0.00E+00,1.08E+00,6.61E+00,4.66E+00
2007,3,10,3.84E+00,9.89E-01,5.59E+00,3.71E+00
2007,3,11,0.00E+00,1.10E+00,4.46E+00,4.19E+00
2007,3,12,0.00E+00,1.12E+00,3.57E+00,4.55E+00
2007,3,13,0.00E+00,1.16E+00,2.95E+00,5.17E+00
2007,3,14,0.00E+00,1.22E+00,2.42E+00,5.78E+00
2007,3,15,0.00E+00,1.33E+00,2.06E+00,6.96E+00
2007,3,16,0.00E+00,1.25E+00,1.78E+00,5.79E+00
2007,3,17,0.00E+00,1.19E+00,1.52E+00,5.41E+00
2007,3,18,2.60E-01,1.30E+00,1.34E+00,7.15E+00
2007,3,19,9.03E+00,1.26E+00,1.36E+00,6.38E+00
2007,3,20,2.67E+00,9.29E-01,1.23E+00,1.33E+00
2007,3,21,2.65E+00,9.42E-01,1.12E+00,1.85E+00
2007,3,22,2.95E+00,9.95E-01,1.07E+00,2.53E+00
2007,3,23,3.41E+00,9.65E-01,1.14E+00,1.72E+00
2007,3,24,1.67E+00,1.01E+00,1.22E+00,2.59E+00
2007,3,25,7.00E-01,1.13E+00,1.32E+00,3.99E+00
2007,3,26,4.20E-01,1.38E+00,1.46E+00,6.50E+00
2007,3,27,0.00E+00,1.62E+00,1.60E+00,8.18E+00
2007,3,28,0.00E+00,1.49E+00,1.65E+00,7.57E+00
2007,3,29,5.90E-01,1.50E+00,1.56E+00,7.87E+00
2007,3,30,2.19E+00,1.52E+00,1.43E+00,7.88E+00
2007,3,31,1.49E+00,1.43E+00,1.31E+00,7.16E+00
2007,4,1,4.10E+00,1.46E+00,1.20E+00,7.26E+00
2007,4,2,0.00E+00,1.79E+00,1.06E+00,9.74E+00
2007,4,3,0.00E+00,1.81E+00,9.44E-01,9.52E+00
2007,4,4,1.70E-01,1.41E+00,8.87E-01,6.82E+00
2007,4,5,0.00E+00,1.42E+00,8.20E-01,6.23E+00
2007,4,6,0.00E+00,1.52E+00,7.55E-01,6.84E+00
2007,4,7,0.00E+00,1.80E+00,7.15E-01,9.74E+00
2007,4,8,0.00E+00,1.58E+00,6.84E-01,7.75E+00
2007,4,9,0.00E+00,1.57E+00,6.58E-01,7.56E+00
2007,4,10,0.00E+00,1.75E+00,6.34E-01,9.50E+00
2007,4,11,0.00E+00,1.76E+00,6.12E-01,9.35E+00
2007,4,12,0.00E+00,1.88E+00,5.65E-01,1.05E+01
2007,4,13,0.00E+00,2.34E+00,5.20E-01,1.33E+01
2007,4,14,0.00E+00,2.55E+00,4.86E-01,1.54E+01
2007,4,15,0.00E+00,2.84E+00,4.63E-01,1.71E+01
2007,4,16,0.00E+00,2.79E+00,4.17E-01,1.67E+01
2007,4,17,0.00E+00,2.67E+00,3.88E-01,1.62E+01
2007,4,18,1.10E-01,2.25E+00,3.86E-01,1.31E+01
2007,4,19,1.30E-01,1.72E+00,3.53E-01,7.77E+00
2007,4,20,0.00E+00,1.77E+00,3.34E-01,8.79E+00
2007,4,21,4.00E-02,1.88E+00,3.19E-01,9.37E+00
2007,4,22,3.00E-02,1.83E+00,2.91E-01,8.99E+00
2007,4,23,0.00E+00,2.15E+00,2.85E-01,1.19E+01
2007,4,24,0.00E+00,2.51E+00,2.74E-01,1.48E+01
2007,4,25,7.00E-02,3.02E+00,2.63E-01,1.70E+01
2007,4,26,0.00E+00,3.27E+00,2.51E-01,1.81E+01
2007,4,27,6.00E-02,2.90E+00,2.24E-01,1.65E+01
2007,4,28,1.30E-01,2.84E+00,2.00E-01,1.60E+01
2007,4,29,2.70E-01,2.76E+00,2.31E-01,1.59E+01
2007,4,30,3.00E-02,2.70E+00,1.94E-01,1.53E+01
2007,5,1,1.20E-01,2.54E+00,1.69E-01,1.37E+01
2007,5,2,3.80E-01,2.52E+00,1.58E-01,1.29E+01
2007,5,3,4.20E-01,2.38E+00,1.46E-01,1.21E+01
2007,5,4,4.00E-02,2.32E+00,1.43E-01,1.21E+01
2007,5,5,2.18E+00,2.33E+00,1.64E-01,1.20E+01
2007,5,6,0.00E+00,2.98E+00,1.50E-01,1.49E+01
2007,5,7,3.00E-02,2.80E+00,1.26E-01,1.47E+01
2007,5,8,1.39E+01,2.36E+00,1.71E-01,1.26E+01
2007,5,9,1.70E+00,2.43E+00,2.09E-01,1.30E+01
2007,5,10,1.63E+01,2.30E+00,3.64E-01,1.20E+01
2007,5,11,0.00E+00,2.83E+00,1.79E-01,1.53E+01
2007,5,12,1.85E+00,2.43E+00,1.90E-01,1.28E+01
2007,5,13,7.03E+00,2.43E+00,2.32E-01,1.27E+01
2007,5,14,1.28E+01,2.56E+00,4.27E-01,1.37E+01
2007,5,15,2.60E+00,2.49E+00,4.15E-01,1.29E+01
2007,5,16,3.76E+00,2.15E+00,5.46E-01,1.04E+01
2007,5,17,1.62E+01,2.09E+00,8.46E-01,9.99E+00
2007,5,18,6.62E+00,2.26E+00,1.33E+00,1.09E+01
2007,5,19,3.00E-02,2.47E+00,1.78E+00,1.24E+01
2007,5,20,1.88E+00,2.90E+00,1.76E+00,1.49E+01
2007,5,21,4.18E+00,3.20E+00,1.57E+00,1.66E+01
2007,5,22,0.00E+00,3.57E+00,1.35E+00,1.84E+01
2007,5,23,0.00E+00,3.65E+00,1.13E+00,1.87E+01
2007,5,24,0.00E+00,3.44E+00,9.55E-01,1.70E+01
2007,5,25,0.00E+00,3.89E+00,8.03E-01,1.92E+01
2007,5,26,1.06E+00,4.04E+00,7.77E-01,2.02E+01
2007,5,27,6.98E+00,3.44E+00,7.60E-01,1.73E+01
2007,5,28,5.02E+00,2.64E+00,6.82E-01,1.32E+01
2007,5,29,1.49E+00,2.30E+00,5.99E-01,1.06E+01
2007,5,30,6.00E-01,2.11E+00,5.33E-01,9.44E+00
2007,5,31,1.34E+00,2.32E+00,4.80E-01,1.10E+01
2007,6,1,1.79E+00,2.89E+00,4.97E-01,1.41E+01
2007,6,2,2.06E+01,2.60E+00,6.84E-01,1.26E+01
2007,6,3,0.00E+00,3.35E+00,5.80E-01,1.58E+01
2007,6,4,0.00E+00,3.39E+00,6.83E-01,1.62E+01
2007,6,5,0.00E+00,3.56E+00,6.67E-01,1.71E+01
2007,6,6,0.00E+00,3.83E+00,5.99E-01,1.83E+01
2007,6,7,0.00E+00,4.31E+00,5.34E-01,1.95E+01
2007,6,8,3.94E+00,4.45E+00,4.66E-01,2.08E+01
2007,6,9,2.93E+01,4.07E+00,8.68E-01,2.00E+01
2007,6,10,1.06E+01,4.05E+00,8.36E-01,1.91E+01
2007,6,11,2.60E-01,3.65E+00,9.29E-01,1.72E+01
2007,6,12,0.00E+00,3.83E+00,1.06E+00,1.81E+01
2007,6,13,0.00E+00,3.68E+00,1.06E+00,1.79E+01
2007,6,14,7.00E-02,3.55E+00,9.77E-01,1.71E+01
2007,6,15,4.72E+00,3.79E+00,9.65E-01,1.84E+01
2007,6,16,1.56E+00,3.39E+00,8.32E-01,1.65E+01
2007,6,17,2.44E+00,2.99E+00,7.92E-01,1.46E+01
2007,6,18,2.19E+00,3.35E+00,6.92E-01,1.64E+01
2007,6,19,1.94E+00,3.59E+00,6.32E-01,1.74E+01
2007,6,20,0.00E+00,4.28E+00,5.59E-01,2.01E+01
2007,6,21,5.57E+00,3.98E+00,6.54E-01,1.88E+01
2007,6,22,1.22E+00,3.41E+00,5.50E-01,1.62E+01
2007,6,23,7.81E+00,2.88E+00,6.99E-01,1.42E+01
2007,6,24,1.54E+01,2.89E+00,1.37E+00,1.42E+01
2007,6,25,1.63E+01,3.42E+00,2.19E+00,1.66E+01
2007,6,26,1.27E+01,2.82E+00,4.70E+00,1.42E+01
2007,6,27,1.24E+01,2.46E+00,6.31E+00,1.17E+01
2007,6,28,2.40E-01,2.47E+00,6.30E+00,1.15E+01
2007,6,29,6.39E+00,2.69E+00,5.21E+00,1.29E+01
2007,6,30,2.92E+00,2.81E+00,4.07E+00,1.38E+01
2007,7,1,4.70E-01,3.22E+00,3.28E+00,1.59E+01
2007,7,2,0.00E+00,3.44E+00,2.67E+00,1.70E+01
2007,7,3,4.74E+00,3.09E+00,2.26E+00,1.52E+01
2007,7,4,1.99E+01,2.58E+00,2.11E+00,1.25E+01
2007,7,5,6.38E+00,2.62E+00,1.98E+00,1.29E+01
2007,7,6,6.20E+00,2.75E+00,2.36E+00,1.35E+01
2007,7,7,2.80E+00,2.98E+00,2.79E+00,1.47E+01
2007,7,8,0.00E+00,2.82E+00,2.73E+00,1.36E+01
2007,7,9,5.40E-01,3.11E+00,2.41E+00,1.54E+01
2007,7,10,2.31E+00,2.69E+00,2.08E+00,1.30E+01
2007,7,11,5.00E-01,2.72E+00,1.75E+00,1.29E+01
2007,7,12,9.30E-01,2.52E+00,1.46E+00,1.21E+01
2007,7,13,5.60E-01,2.94E+00,1.22E+00,1.48E+01
2007,7,14,1.30E-01,4.01E+00,1.04E+00,1.94E+01
2007,7,15,0.00E+00,4.53E+00,8.67E-01,2.14E+01
2007,7,16,0.00E+00,5.02E+00,7.19E-01,2.32E+01
2007,7,17,0.00E+00,4.61E+00,6.19E-01,2.23E+01
2007,7,18,1.56E+00,3.87E+00,5.59E-01,1.87E+01
2007,7,19,0.00E+00,3.68E+00,4.74E-01,1.81E+01
2007,7,20,4.52E+00,3.44E+00,4.95E-01,1.71E+01
2007,7,21,1.04E+01,3.52E+00,6.93E-01,1.73E+01
2007,7,22,0.00E+00,3.15E+00,4.36E-01,1.62E+01
2007,7,23,0.00E+00,3.14E+00,3.94E-01,1.55E+01
2007,7,24,1.98E+00,2.68E+00,4.15E-01,1.38E+01
2007,7,25,3.09E+00,3.01E+00,4.19E-01,1.54E+01
2007,7,26,0.00E+00,3.20E+00,3.26E-01,1.61E+01
2007,7,27,0.00E+00,3.53E+00,3.03E-01,1.83E+01
2007,7,28,0.00E+00,3.51E+00,2.80E-01,1.81E+01
2007,7,29,7.50E+00,3.27E+00,3.35E-01,1.74E+01
2007,7,30,4.42E+00,2.76E+00,3.33E-01,1.43E+01
2007,7,31,0.00E+00,2.54E+00,2.52E-01,1.26E+01
2007,8,1,0.00E+00,2.51E+00,2.26E-01,1.18E+01
2007,8,2,0.00E+00,2.94E+00,1.99E-01,1.48E+01
2007,8,3,4.35E+00,3.04E+00,2.49E-01,1.61E+01
2007,8,4,0.00E+00,3.27E+00,1.94E-01,1.67E+01
2007,8,5,0.00E+00,3.35E+00,1.69E-01,1.71E+01
2007,8,6,0.00E+00,3.86E+00,1.52E-01,1.96E+01
2007,8,7,6.47E+00,3.64E+00,1.98E-01,1.91E+01
2007,8,8,3.20E-01,3.06E+00,1.79E-01,1.61E+01
2007,8,9,8.80E-01,2.78E+00,1.68E-01,1.46E+01
2007,8,10,4.67E+00,2.51E+00,2.18E-01,1.32E+01
2007,8,11,1.23E+00,3.24E+00,2.00E-01,1.72E+01
2007,8,12,0.00E+00,3.40E+00,1.50E-01,1.78E+01
2007,8,13,2.20E+00,3.16E+00,1.56E-01,1.70E+01
2007,8,14,0.00E+00,3.07E+00,1.78E-01,1.64E+01
2007,8,15,6.20E-01,3.23E+00,1.27E-01,1.75E+01
2007,8,16,1.76E+01,3.47E+00,3.29E-01,1.93E+01
2007,8,17,1.03E+00,2.78E+00,2.50E-01,1.55E+01
2007,8,18,1.70E-01,2.51E+00,2.02E-01,1.35E+01
2007,8,19,0.00E+00,2.51E+00,2.06E-01,1.36E+01
2007,8,20,6.46E+00,2.75E+00,2.71E-01,1.53E+01
2007,8,21,4.96E+00,2.39E+00,3.17E-01,1.30E+01
2007,8,22,3.36E+00,2.64E+00,2.43E-01,1.43E+01
2007,8,23,2.63E+01,2.43E+00,1.04E+00,1.40E+01
2007,8,24,1.90E-01,2.84E+00,1.36E+00,1.59E+01
2007,8,25,0.00E+00,3.02E+00,1.34E+00,1.68E+01
2007,8,26,0.00E+00,3.30E+00,1.14E+00,1.81E+01
2007,8,27,0.00E+00,3.23E+00,9.61E-01,1.78E+01
2007,8,28,0.00E+00,2.85E+00,8.10E-01,1.60E+01
2007,8,29,0.00E+00,2.28E+00,6.91E-01,1.28E+01
2007,8,30,0.00E+00,2.47E+00,5.97E-01,1.34E+01
2007,8,31,0.00E+00,2.29E+00,5.22E-01,1.26E+01
2007,9,1,0.00E+00,2.66E+00,4.59E-01,1.58E+01
2007,9,2,3.00E-02,2.60E+00,4.06E-01,1.53E+01
2007,9,3,0.00E+00,2.42E+00,3.70E-01,1.46E+01
2007,9,4,8.24E+00,2.22E+00,4.70E-01,1.27E+01
2007,9,5,1.19E+00,1.87E+00,3.42E-01,9.92E+00
2007,9,6,2.80E-01,1.81E+00,2.87E-01,9.75E+00
2007,9,7,2.70E-01,2.39E+00,2.72E-01,1.40E+01
2007,9,8,1.30E-01,2.37E+00,2.54E-01,1.42E+01
2007,9,9,0.00E+00,2.39E+00,2.42E-01,1.43E+01
2007,9,10,0.00E+00,2.28E+00,2.25E-01,1.37E+01
2007,9,11,1.23E+00,1.88E+00,2.26E-01,1.14E+01
2007,9,12,3.00E-02,2.06E+00,2.09E-01,1.22E+01
2007,9,13,0.00E+00,2.07E+00,1.88E-01,1.17E+01
2007,9,14,0.00E+00,1.95E+00,1.73E-01,1.18E+01
2007,9,15,0.00E+00,2.05E+00,1.68E-01,1.31E+01
2007,9,16,0.00E+00,2.22E+00,1.55E-01,1.33E+01
2007,9,17,0.00E+00,2.00E+00,1.53E-01,1.27E+01
2007,9,18,7.70E-01,2.08E+00,1.55E-01,1.37E+01
2007,9,19,1.61E+00,1.66E+00,1.66E-01,9.67E+00
2007,9,20,0.00E+00,1.42E+00,1.38E-01,7.75E+00
2007,9,21,0.00E+00,1.71E+00,1.22E-01,1.04E+01
2007,9,22,0.00E+00,1.72E+00,1.18E-01,1.06E+01
2007,9,23,0.00E+00,1.95E+00,1.15E-01,1.24E+01
2007,9,24,0.00E+00,2.26E+00,1.07E-01,1.50E+01
2007,9,25,3.34E+00,2.00E+00,1.26E-01,1.35E+01
2007,9,26,0.00E+00,1.65E+00,1.25E-01,1.03E+01
2007,9,27,8.10E-01,1.48E+00,1.18E-01,8.64E+00
2007,9,28,1.79E+01,1.52E+00,2.67E-01,9.27E+00
2007,9,29,1.98E+00,1.56E+00,2.29E-01,9.50E+00
2007,9,30,1.31E+00,1.60E+00,1.62E-01,1.05E+01
2007,10,1,1.10E-01,1.82E+00,1.32E-01,1.16E+01
2007,10,2,0.00E+00,1.91E+00,1.25E-01,1.32E+01
2007,10,3,0.00E+00,2.34E+00,1.26E-01,1.61E+01
2007,10,4,3.00E-02,2.28E+00,1.29E-01,1.61E+01
2007,10,5,0.00E+00,2.27E+00,1.20E-01,1.54E+01
2007,10,6,0.00E+00,1.80E+00,1.10E-01,1.20E+01
2007,10,7,0.00E+00,1.59E+00,1.06E-01,9.61E+00
2007,10,8,0.00E+00,1.41E+00,1.05E-01,8.80E+00
2007,10,9,0.00E+00,1.41E+00,1.05E-01,8.81E+00
2007,10,10,1.44E+00,1.48E+00,1.05E-01,1.00E+01
2007,10,11,5.62E+00,1.57E+00,1.66E-01,1.03E+01
2007,10,12,0.00E+00,1.41E+00,1.09E-01,8.94E+00
2007,10,13,0.00E+00,1.42E+00,1.10E-01,9.44E+00
2007,10,14,0.00E+00,1.41E+00,1.01E-01,9.28E+00
2007,10,15,0.00E+00,1.32E+00,9.25E-02,8.17E+00
2007,10,16,3.00E-02,1.33E+00,9.19E-02,8.96E+00
2007,10,17,0.00E+00,1.51E+00,9.19E-02,1.07E+01
2007,10,18,1.71E+00,1.32E+00,1.12E-01,9.49E+00
2007,10,19,0.00E+00,1.20E+00,9.34E-02,6.96E+00
2007,10,20,0.00E+00,9.94E-01,8.62E-02,4.80E+00
2007,10,21,0.00E+00,9.25E-01,7.35E-02,3.19E+00
2007,10,22,8.30E-01,8.71E-01,7.64E-02,3.49E+00
2007,10,23,0.00E+00,9.19E-01,7.85E-02,3.12E+00
2007,10,24,0.00E+00,9.14E-01,7.35E-02,3.03E+00
2007,10,25,0.00E+00,9.61E-01,7.35E-02,4.62E+00
2007,10,26,0.00E+00,1.15E+00,8.71E-02,7.37E+00
2007,10,27,0.00E+00,1.14E+00,9.10E-02,7.32E+00
2007,10,28,0.00E+00,1.12E+00,8.83E-02,7.09E+00
2007,10,29,0.00E+00,1.06E+00,9.19E-02,6.39E+00
2007,10,30,1.53E+01,1.07E+00,2.35E-01,6.73E+00
2007,10,31,7.70E-01,1.08E+00,1.65E-01,6.65E+00
2007,11,1,0.00E+00,8.70E-01,1.06E-01,3.55E+00
2007,11,2,0.00E+00,9.15E-01,9.23E-02,4.48E+00
2007,11,3,1.70E-01,1.33E+00,9.21E-02,9.81E+00
2007,11,4,6.00E-02,1.38E+00,9.19E-02,1.09E+01
2007,11,5,0.00E+00,1.18E+00,1.07E-01,8.30E+00
2007,11,6,0.00E+00,1.05E+00,9.19E-02,6.67E+00
2007,11,7,4.39E+00,9.89E-01,1.24E-01,6.46E+00
2007,11,8,3.30E-01,9.55E-01,1.10E-01,6.23E+00
2007,11,9,9.78E+00,1.10E+00,1.40E-01,8.34E+00
2007,11,10,9.40E+00,7.77E-01,3.41E-01,3.08E+00
2007,11,11,3.16E+00,8.98E-01,2.38E-01,5.67E+00
2007,11,12,2.27E+00,1.05E+00,3.40E-01,7.56E+00
2007,11,13,7.00E-02,7.60E-01,3.94E-01,2.48E+00
2007,11,14,4.77E+00,7.30E-01,4.78E-01,2.58E+00
2007,11,15,5.30E-01,7.12E-01,5.07E-01,1.79E+00
2007,11,16,7.00E-02,6.31E-01,4.74E-01,-3.25E-01
2007,11,17,0.00E+00,5.48E-01,4.85E-01,-1.99E+00
2007,11,18,0.00E+00,6.12E-01,4.92E-01,2.97E-01
2007,11,19,0.00E+00,6.26E-01,4.96E-01,7.10E-01
2007,11,20,8.54E+00,6.70E-01,5.28E-01,1.40E+00
2007,11,21,4.12E+00,8.73E-01,6.04E-01,4.73E+00
2007,11,22,7.40E+00,9.56E-01,6.30E-01,6.57E+00
2007,11,23,0.00E+00,1.02E+00,7.05E-01,7.86E+00
2007,11,24,1.51E+00,9.14E-01,9.04E-01,6.26E+00
2007,11,25,0.00E+00,6.14E-01,9.61E-01,3.36E-01
2007,11,26,1.24E+00,7.30E-01,9.84E-01,3.52E+00
2007,11,27,2.09E+00,7.18E-01,9.35E-01,3.09E+00
2007,11,28,1.41E+00,7.51E-01,9.10E-01,3.32E+00
2007,11,29,0.00E+00,6.03E-01,8.64E-01,-1.15E-01
2007,11,30,1.29E+00,5.59E-01,8.75E-01,-2.99E-01
2007,12,1,2.80E-01,7.76E-01,8.74E-01,4.64E+00
2007,12,2,1.24E+01,8.90E-01,1.10E+00,6.47E+00
2007,12,3,3.28E+01,9.46E-01,2.58E+00,7.71E+00
2007,12,4,8.94E+00,8.33E-01,1.11E+01,5.87E+00
2007,12,5,4.38E+00,7.84E-01,9.28E+00,4.82E+00
2007,12,6,3.72E+00,1.01E+00,7.25E+00,8.78E+00
2007,12,7,1.12E+01,9.92E-01,5.88E+00,8.63E+00
2007,12,8,1.23E+01,9.97E-01,7.57E+00,8.60E+00
2007,12,9,8.20E+00,7.20E-01,9.80E+00,3.76E+00
2007,12,10,1.51E+01,8.41E-01,8.41E+00,6.11E+00
2007,12,11,2.89E+00,8.03E-01,1.03E+01,5.34E+00
2007,12,12,1.83E+00,7.24E-01,9.11E+00,3.42E+00
2007,12,13,0.00E+00,6.55E-01,6.89E+00,1.87E+00
2007,12,14,0.00E+00,7.35E-01,5.07E+00,3.66E+00
2007,12,15,0.00E+00,5.66E-01,3.86E+00,4.38E-02
2007,12,16,0.00E+00,5.31E-01,3.01E+00,-9.61E-01
2007,12,17,0.00E+00,4.87E-01,2.43E+00,-2.60E+00
2007,12,18,0.00E+00,4.70E-01,2.04E+00,-2.49E+00
2007,12,19,0.00E+00,4.80E-01,1.74E+00,-3.08E+00
2007,12,20,0.00E+00,4.96E-01,1.48E+00,-3.01E+00
2007,12,21,0.00E+00,4.39E-01,1.28E+00,-3.60E+00
2007,12,22,0.00E+00,3.84E-01,1.13E+00,-5.53E+00
2007,12,23,1.40E-01,3.45E-01,9.98E-01,-6.74E+00
2007,12,24,0.00E+00,3.72E-01,8.96E-01,-5.79E+00
2007,12,25,0.00E+00,4.08E-01,8.17E-01,-4.39E+00
2007,12,26,0.00E+00,4.07E-01,7.10E-01,-4.56E+00
2007,12,27,1.87E+00,4.83E-01,6.81E-01,-1.78E+00
2007,12,28,4.20E-01,6.04E-01,6.40E-01,1.01E+00
2007,12,29,3.20E-01,6.24E-01,6.26E-01,1.71E+00
2007,12,30,4.16E+00,6.36E-01,6.96E-01,2.08E+00
2007,12,31,1.40E+00,6.88E-01,6.91E-01,3.33E+00
2008,1,1,3.00E-02,6.22E-01,6.49E-01,1.68E+00
2008,1,2,3.00E-02,5.84E-01,6.63E-01,4.82E-01
2008,1,3,0.00E+00,4.67E-01,6.68E-01,-2.57E+00
2008,1,4,1.14E+00,5.01E-01,7.12E-01,-1.38E+00
2008,1,5,0.00E+00,5.59E-01,7.29E-01,-2.50E-02
2008,1,6,1.68E+01,7.88E-01,1.15E+00,4.92E+00
2008,1,7,1.87E+00,6.96E-01,1.64E+00,3.04E+00
2008,1,8,3.27E+00,7.89E-01,2.78E+00,5.41E+00
2008,1,9,6.80E-01,7.43E-01,3.26E+00,3.43E+00
2008,1,10,4.06E+00,6.75E-01,3.20E+00,2.91E+00
2008,1,11,5.15E+00,8.31E-01,2.95E+00,5.54E+00
2008,1,12,1.32E+01,1.04E+00,2.98E+00,8.71E+00
2008,1,13,6.10E-01,7.67E-01,3.89E+00,3.89E+00
2008,1,14,0.00E+00,6.16E-01,5.01E+00,2.91E-01
2008,1,15,3.38E+00,6.89E-01,4.60E+00,2.82E+00
2008,1,16,8.38E+00,8.90E-01,4.13E+00,6.28E+00
2008,1,17,1.39E+01,8.80E-01,5.98E+00,5.91E+00
2008,1,18,8.22E+00,8.66E-01,8.48E+00,5.74E+00
2008,1,19,2.91E+00,9.97E-01,7.76E+00,8.04E+00
2008,1,20,9.50E-01,1.17E+00,6.94E+00,1.04E+01
2008,1,21,2.80E-01,1.13E+00,5.86E+00,9.71E+00
2008,1,22,3.37E+00,1.01E+00,4.98E+00,7.98E+00
2008,1,23,5.01E+00,8.12E-01,4.36E+00,3.94E+00
2008,1,24,0.00E+00,6.43E-01,3.81E+00,1.35E+00
2008,1,25,7.90E-01,7.81E-01,3.63E+00,4.42E+00
2008,1,26,3.00E-02,6.25E-01,3.14E+00,9.88E-01
2008,1,27,0.00E+00,7.02E-01,2.73E+00,2.38E+00
2008,1,28,0.00E+00,7.24E-01,2.37E+00,2.98E+00
2008,1,29,0.00E+00,7.97E-01,2.03E+00,4.40E+00
2008,1,30,0.00E+00,6.99E-01,1.72E+00,2.99E+00
2008,1,31,2.18E+00,6.27E-01,1.51E+00,4.53E-01
2008,2,1,5.25E+00,6.49E-01,1.37E+00,5.94E-01
2008,2,2,2.15E+01,7.49E-01,2.02E+00,2.43E+00
2008,2,3,1.00E-01,6.60E-01,2.72E+00,2.72E-01
2008,2,4,0.00E+00,6.30E-01,3.40E+00,-1.61E-01
2008,2,5,9.06E+00,8.29E-01,3.49E+00,3.15E+00
2008,2,6,2.06E+01,8.95E-01,4.04E+00,4.86E+00
2008,2,7,1.24E+01,1.02E+00,9.78E+00,6.61E+00
2008,2,8,3.00E-02,6.63E-01,9.87E+00,-2.08E-01
2008,2,9,0.00E+00,7.08E-01,7.50E+00,7.25E-02
2008,2,10,0.00E+00,7.96E-01,5.48E+00,1.68E+00
2008,2,11,0.00E+00,8.15E-01,4.22E+00,2.16E+00
2008,2,12,0.00E+00,9.42E-01,3.25E+00,3.64E+00
2008,2,13,0.00E+00,8.86E-01,2.60E+00,3.36E+00
2008,2,14,0.00E+00,6.74E-01,2.13E+00,-3.33E-02
2008,2,15,3.00E-02,6.99E-01,1.79E+00,-3.98E-01
2008,2,16,0.00E+00,7.23E-01,1.50E+00,4.41E-01
2008,2,17,0.00E+00,6.55E-01,1.25E+00,-1.54E+00
2008,2,18,0.00E+00,6.78E-01,1.10E+00,-1.82E+00
2008,2,19,0.00E+00,7.05E-01,9.95E-01,-7.55E-01
2008,2,20,0.00E+00,7.16E-01,9.12E-01,-5.64E-01
2008,2,21,2.60E+00,7.44E-01,8.76E-01,1.17E+00
2008,2,22,0.00E+00,9.79E-01,7.85E-01,5.13E+00
2008,2,23,0.00E+00,1.19E+00,7.16E-01,7.86E+00
2008,2,24,0.00E+00,1.19E+00,6.56E-01,7.17E+00
2008,2,25,0.00E+00,1.00E+00,6.18E-01,4.60E+00
2008,2,26,2.12E+00,1.20E+00,6.07E-01,7.93E+00
2008,2,27,4.58E+00,1.29E+00,6.22E-01,8.44E+00
2008,2,28,0.00E+00,1.06E+00,5.46E-01,5.51E+00
2008,2,29,7.64E+00,1.10E+00,5.69E-01,5.90E+00
2008,3,1,1.40E+01,1.30E+00,7.79E-01,8.70E+00
2008,3,2,1.45E+01,1.31E+00,2.52E+00,8.51E+00
2008,3,3,2.27E+00,1.32E+00,4.90E+00,8.69E+00
2008,3,4,3.79E+00,1.14E+00,4.72E+00,5.67E+00
2008,3,5,6.18E+00,8.30E-01,4.12E+00,1.06E+00
2008,3,6,6.00E-02,8.05E-01,3.53E+00,-3.21E-02
2008,3,7,0.00E+00,7.90E-01,3.08E+00,5.47E-01
2008,3,8,0.00E+00,1.05E+00,2.71E+00,4.47E+00
2008,3,9,0.00E+00,1.08E+00,2.38E+00,4.71E+00
2008,3,10,1.30E+00,1.17E+00,2.17E+00,5.97E+00
2008,3,11,8.65E+00,1.13E+00,2.10E+00,5.24E+00
2008,3,12,2.57E+01,1.24E+00,3.19E+00,6.85E+00
2008,3,13,7.30E+00,1.29E+00,8.68E+00,7.19E+00
2008,3,14,3.10E+00,1.18E+00,8.96E+00,5.79E+00
2008,3,15,4.60E+00,1.42E+00,7.12E+00,8.52E+00
2008,3,16,1.99E+00,1.51E+00,5.78E+00,9.15E+00
2008,3,17,1.37E+01,1.39E+00,5.59E+00,7.93E+00
2008,3,18,1.12E+00,1.11E+00,6.67E+00,4.22E+00
2008,3,19,2.10E-01,1.01E+00,6.20E+00,2.14E+00
2008,3,20,1.11E+00,9.54E-01,5.03E+00,1.61E+00
2008,3,21,3.96E+00,9.72E-01,4.11E+00,2.12E+00
2008,3,22,1.50E+01,1.01E+00,4.22E+00,2.72E+00
2008,3,23,4.63E+00,9.66E-01,4.89E+00,1.86E+00
2008,3,24,0.00E+00,8.54E-01,5.07E+00,-6.44E-01
2008,3,25,4.28E+00,8.13E-01,4.70E+00,-4.47E-01
2008,3,26,8.30E-01,8.73E-01,4.06E+00,3.84E-01
2008,3,27,1.44E+00,1.08E+00,3.47E+00,3.29E+00
2008,3,28,7.23E+00,1.05E+00,3.05E+00,2.92E+00
2008,3,29,5.79E+00,1.25E+00,3.02E+00,5.27E+00
2008,3,30,0.00E+00,1.43E+00,3.87E+00,7.00E+00
2008,3,31,3.51E+00,1.58E+00,4.52E+00,8.66E+00
2008,4,1,2.08E+00,1.56E+00,4.10E+00,8.07E+00
2008,4,2,0.00E+00,1.37E+00,3.52E+00,6.71E+00
2008,4,3,0.00E+00,1.47E+00,3.03E+00,7.81E+00
2008,4,4,0.00E+00,1.39E+00,2.58E+00,6.42E+00
2008,4,5,3.00E-02,1.42E+00,2.21E+00,6.38E+00
2008,4,6,3.90E+00,1.38E+00,2.01E+00,6.06E+00
2008,4,7,7.38E+00,1.11E+00,1.74E+00,2.54E+00
2008,4,8,2.31E+00,9.88E-01,1.54E+00,6.25E-01
2008,4,9,0.00E+00,1.06E+00,1.37E+00,1.53E+00
2008,4,10,3.14E+00,1.21E+00,1.35E+00,3.64E+00
2008,4,11,0.00E+00,1.41E+00,1.35E+00,5.64E+00
2008,4,12,2.80E-01,1.51E+00,1.37E+00,6.70E+00
2008,4,13,5.80E-01,1.36E+00,1.34E+00,5.80E+00
2008,4,14,8.40E+00,1.54E+00,1.39E+00,7.13E+00
2008,4,15,1.48E+01,1.37E+00,1.70E+00,5.24E+00
2008,4,16,6.90E-01,1.38E+00,2.37E+00,4.88E+00
2008,4,17,0.00E+00,1.22E+00,3.69E+00,3.06E+00
2008,4,18,0.00E+00,1.25E+00,3.66E+00,3.76E+00
2008,4,19,3.00E-02,1.74E+00,3.14E+00,8.59E+00
2008,4,20,3.74E+00,1.66E+00,2.68E+00,7.73E+00
2008,4,21,0.00E+00,1.95E+00,2.25E+00,1.01E+01
2008,4,22,2.60E-01,2.05E+00,1.93E+00,1.08E+01
2008,4,23,0.00E+00,2.17E+00,1.64E+00,1.18E+01
2008,4,24,5.04E+00,2.03E+00,1.43E+00,1.05E+01
2008,4,25,1.65E+00,2.07E+00,1.24E+00,1.11E+01
2008,4,26,0.00E+00,1.91E+00,1.10E+00,9.51E+00
2008,4,27,3.00E-02,2.16E+00,9.93E-01,1.11E+01
2008,4,28,3.00E-02,2.34E+00,9.35E-01,1.30E+01
2008,4,29,1.15E+01,2.06E+00,1.06E+00,1.07E+01
2008,4,30,4.31E+00,1.87E+00,9.50E-01,9.10E+00
2008,5,1,3.17E+00,1.86E+00,9.33E-01,8.42E+00
2008,5,2,1.36E+00,1.69E+00,9.29E-01,7.56E+00
2008,5,3,0.00E+00,2.08E+00,1.01E+00,1.02E+01
2008,5,4,0.00E+00,2.27E+00,1.11E+00,1.17E+01
2008,5,5,0.00E+00,2.50E+00,1.16E+00,1.27E+01
2008,5,6,0.00E+00,2.45E+00,1.13E+00,1.28E+01
2008,5,7,0.00E+00,2.76E+00,1.07E+00,1.46E+01
2008,5,8,0.00E+00,2.77E+00,9.90E-01,1.47E+01
2008,5,9,0.00E+00,2.75E+00,9.04E-01,1.47E+01
2008,5,10,0.00E+00,2.86E+00,8.11E-01,1.55E+01
2008,5,11,1.90E-01,3.08E+00,7.17E-01,1.64E+01
2008,5,12,1.50E-01,2.95E+00,6.39E-01,1.54E+01
2008,5,13,4.00E-02,2.95E+00,5.75E-01,1.57E+01
2008,5,14,0.00E+00,3.10E+00,5.20E-01,1.62E+01
2008,5,15,2.70E+00,3.08E+00,4.79E-01,1.64E+01
2008,5,16,1.65E+00,2.92E+00,4.51E-01,1.53E+01
2008,5,17,3.85E+00,3.03E+00,4.66E-01,1.57E+01
2008,5,18,6.12E+00,2.64E+00,5.05E-01,1.35E+01
2008,5,19,2.02E+00,2.34E+00,3.96E-01,1.10E+01
2008,5,20,0.00E+00,2.38E+00,3.45E-01,1.11E+01
2008,5,21,0.00E+00,2.42E+00,3.11E-01,1.10E+01
2008,5,22,0.00E+00,2.46E+00,2.86E-01,1.14E+01
2008,5,23,0.00E+00,2.61E+00,2.73E-01,1.25E+01
2008,5,24,0.00E+00,2.87E+00,2.55E-01,1.43E+01
2008,5,25,1.17E+00,2.63E+00,2.50E-01,1.33E+01
2008,5,26,1.54E+00,3.35E+00,2.57E-01,1.69E+01
2008,5,27,1.75E+00,3.52E+00,2.36E-01,1.76E+01
2008,5,28,3.70E+00,3.66E+00,2.46E-01,1.80E+01
2008,5,29,3.92E+00,3.76E+00,2.44E-01,1.84E+01
2008,5,30,4.45E+01,3.51E+00,2.24E+00,1.80E+01
2008,5,31,5.93E+00,3.70E+00,2.54E+00,1.84E+01
2008,6,1,0.00E+00,3.37E+00,2.37E+00,1.67E+01
2008,6,2,0.00E+00,3.45E+00,2.12E+00,1.74E+01
2008,6,3,5.20E-01,3.97E+00,1.88E+00,1.98E+01
2008,6,4,3.00E-02,3.46E+00,1.62E+00,1.73E+01
2008,6,5,0.00E+00,3.14E+00,1.38E+00,1.57E+01
2008,6,6,6.47E+00,3.08E+00,1.26E+00,1.51E+01
2008,6,7,6.19E+00,3.13E+00,1.15E+00,1.54E+01
2008,6,8,9.20E-01,2.79E+00,9.76E-01,1.36E+01
2008,6,9,2.18E+00,3.76E+00,9.46E-01,1.73E+01
2008,6,10,0.00E+00,4.16E+00,8.20E-01,1.91E+01
2008,6,11,0.00E+00,4.07E+00,8.15E-01,1.92E+01
2008,6,12,0.00E+00,3.14E+00,8.07E-01,1.47E+01
2008,6,13,9.25E+00,2.23E+00,8.88E-01,1.01E+01
2008,6,14,1.04E+00,2.32E+00,7.54E-01,1.02E+01
2008,6,15,4.75E+00,2.34E+00,6.91E-01,1.05E+01
2008,6,16,0.00E+00,2.46E+00,6.45E-01,1.16E+01
2008,6,17,0.00E+00,2.82E+00,5.95E-01,1.30E+01
2008,6,18,0.00E+00,3.04E+00,5.46E-01,1.39E+01
2008,6,19,0.00E+00,3.12E+00,5.00E-01,1.54E+01
2008,6,20,4.62E+00,3.22E+00,5.02E-01,1.61E+01
2008,6,21,0.00E+00,3.12E+00,4.44E-01,1.53E+01
2008,6,22,0.00E+00,3.96E+00,3.96E-01,1.89E+01
2008,6,23,7.50E+00,3.92E+00,4.27E-01,1.97E+01
2008,6,24,0.00E+00,3.12E+00,3.57E-01,1.70E+01
2008,6,25,0.00E+00,3.93E+00,3.09E-01,1.94E+01
2008,6,26,2.13E+00,3.93E+00,3.42E-01,1.90E+01
2008,6,27,0.00E+00,3.26E+00,2.93E-01,1.59E+01
2008,6,28,9.50E-01,2.94E+00,2.70E-01,1.49E+01
2008,6,29,7.00E-02,3.49E+00,2.57E-01,1.74E+01
2008,6,30,0.00E+00,3.63E+00,2.25E-01,1.80E+01
2008,7,1,0.00E+00,3.51E+00,2.04E-01,1.71E+01
2008,7,2,0.00E+00,3.99E+00,1.88E-01,1.91E+01
2008,7,3,1.68E+01,4.31E+00,2.69E-01,2.11E+01
2008,7,4,1.20E+01,3.17E+00,3.55E-01,1.59E+01
2008,7,5,1.13E+00,2.99E+00,2.79E-01,1.44E+01
2008,7,6,1.30E-01,3.23E+00,2.18E-01,1.59E+01
2008,7,7,0.00E+00,3.30E+00,2.14E-01,1.63E+01
2008,7,8,9.30E+00,2.91E+00,2.76E-01,1.47E+01
2008,7,9,2.43E+00,2.80E+00,2.59E-01,1.40E+01
2008,7,10,0.00E+00,3.03E+00,2.08E-01,1.53E+01
2008,7,11,0.00E+00,3.84E+00,1.91E-01,1.91E+01
2008,7,12,2.24E+00,3.25E+00,2.17E-01,1.64E+01
2008,7,13,0.00E+00,2.99E+00,2.04E-01,1.48E+01
2008,7,14,0.00E+00,2.94E+00,1.83E-01,1.40E+01
2008,7,15,0.00E+00,3.01E+00,1.64E-01,1.48E+01
2008,7,16,0.00E+00,3.39E+00,1.47E-01,1.71E+01
2008,7,17,1.09E+00,3.19E+00,1.58E-01,1.63E+01
2008,7,18,4.00E-01,2.97E+00,1.63E-01,1.48E+01
2008,7,19,2.10E-01,3.08E+00,1.45E-01,1.58E+01
2008,7,20,7.19E+00,3.26E+00,1.81E-01,1.70E+01
2008,7,21,2.10E-01,2.60E+00,1.56E-01,1.31E+01
2008,7,22,1.34E+00,2.31E+00,1.47E-01,1.15E+01
2008,7,23,6.00E-02,2.81E+00,1.16E-01,1.40E+01
2008,7,24,0.00E+00,3.28E+00,9.11E-02,1.63E+01
2008,7,25,0.00E+00,3.54E+00,7.93E-02,1.79E+01
2008,7,26,0.00E+00,3.93E+00,7.44E-02,1.95E+01
2008,7,27,2.42E+00,3.99E+00,7.68E-02,2.01E+01
2008,7,28,6.00E-02,3.80E+00,9.18E-02,1.96E+01
2008,7,29,1.85E+00,4.34E+00,1.21E-01,2.13E+01
2008,7,30,0.00E+00,3.83E+00,7.12E-02,1.95E+01
2008,7,31,0.00E+00,4.09E+00,5.95E-02,2.03E+01
2008,8,1,0.00E+00,4.49E+00,5.12E-02,2.21E+01
2008,8,2,1.80E+00,3.66E+00,5.77E-02,1.91E+01
2008,8,3,1.33E+00,3.24E+00,5.81E-02,1.75E+01
2008,8,4,7.30E-01,3.53E+00,5.94E-02,1.90E+01
2008,8,5,1.94E+01,3.29E+00,2.25E-01,1.75E+01
2008,8,6,0.00E+00,3.06E+00,6.28E-02,1.62E+01
2008,8,7,0.00E+00,3.82E+00,5.01E-02,1.97E+01
2008,8,8,1.47E+00,3.37E+00,5.08E-02,1.85E+01
2008,8,9,1.21E+01,2.92E+00,1.53E-01,1.60E+01
2008,8,10,0.00E+00,3.07E+00,6.86E-02,1.62E+01
2008,8,11,5.90E-01,3.04E+00,6.38E-02,1.68E+01
2008,8,12,1.70E-01,3.02E+00,5.71E-02,1.66E+01
2008,8,13,1.04E+01,3.15E+00,1.94E-01,1.74E+01
2008,8,14,1.20E-01,2.85E+00,7.78E-02,1.58E+01
2008,8,15,0.00E+00,2.64E+00,6.16E-02,1.44E+01
2008,8,16,0.00E+00,2.58E+00,5.80E-02,1.39E+01
2008,8,17,0.00E+00,2.57E+00,5.15E-02,1.41E+01
2008,8,18,3.53E+00,2.64E+00,6.50E-02,1.50E+01
2008,8,19,0.00E+00,3.15E+00,6.17E-02,1.79E+01
2008,8,20,2.00E+00,3.06E+00,4.78E-02,1.73E+01
2008,8,21,2.14E+00,2.55E+00,6.68E-02,1.46E+01
2008,8,22,0.00E+00,2.66E+00,4.90E-02,1.52E+01
2008,8,23,1.79E+01,2.47E+00,3.06E-01,1.43E+01
2008,8,24,8.20E-01,2.34E+00,1.15E-01,1.34E+01
2008,8,25,4.22E+00,2.28E+00,1.07E-01,1.32E+01
2008,8,26,7.30E-01,2.54E+00,1.12E-01,1.45E+01
2008,8,27,0.00E+00,2.74E+00,8.62E-02,1.61E+01
2008,8,28,0.00E+00,2.42E+00,8.26E-02,1.45E+01
2008,8,29,0.00E+00,2.71E+00,7.89E-02,1.60E+01
2008,8,30,0.00E+00,2.83E+00,7.46E-02,1.63E+01
2008,8,31,0.00E+00,2.96E+00,6.30E-02,1.74E+01
2008,9,1,0.00E+00,3.14E+00,5.42E-02,1.87E+01
2008,9,2,0.00E+00,2.77E+00,5.47E-02,1.67E+01
2008,9,3,8.98E+00,2.59E+00,8.64E-02,1.61E+01
2008,9,4,5.54E+00,2.03E+00,1.59E-01,1.18E+01
2008,9,5,0.00E+00,2.09E+00,1.16E-01,1.21E+01
2008,9,6,2.28E+01,2.23E+00,2.89E-01,1.40E+01
2008,9,7,2.08E+00,2.49E+00,1.84E-01,1.54E+01
2008,9,8,5.07E+00,2.18E+00,1.98E-01,1.33E+01
2008,9,9,0.00E+00,2.22E+00,1.49E-01,1.35E+01
2008,9,10,4.80E-01,2.36E+00,1.35E-01,1.46E+01
2008,9,11,5.00E-02,2.71E+00,1.30E-01,1.70E+01
2008,9,12,1.02E+00,2.57E+00,1.33E-01,1.62E+01
2008,9,13,1.93E+01,2.19E+00,4.49E-01,1.41E+01
2008,9,14,1.75E+01,1.80E+00,5.67E-01,1.09E+01
2008,9,15,0.00E+00,1.66E+00,5.47E-01,8.71E+00
2008,9,16,0.00E+00,1.57E+00,4.87E-01,8.36E+00
2008,9,17,0.00E+00,1.72E+00,3.86E-01,9.66E+00
2008,9,18,0.00E+00,1.54E+00,3.15E-01,8.25E+00
2008,9,19,0.00E+00,1.44E+00,2.66E-01,7.31E+00
2008,9,20,0.00E+00,1.62E+00,2.32E-01,8.87E+00
2008,9,21,0.00E+00,1.50E+00,2.01E-01,8.26E+00
2008,9,22,0.00E+00,1.46E+00,1.83E-01,7.97E+00
2008,9,23,0.00E+00,1.54E+00,1.70E-01,8.88E+00
2008,9,24,1.27E+00,1.56E+00,1.64E-01,9.36E+00
2008,9,25,3.00E-02,1.74E+00,1.60E-01,1.06E+01
2008,9,26,0.00E+00,1.78E+00,1.36E-01,1.08E+01
2008,9,27,0.00E+00,1.69E+00,1.18E-01,9.59E+00
2008,9,28,0.00E+00,1.57E+00,1.11E-01,9.17E+00
2008,9,29,0.00E+00,1.48E+00,1.07E-01,8.74E+00
2008,9,30,9.00E-02,1.40E+00,1.06E-01,8.56E+00
2008,10,1,1.22E+01,1.42E+00,1.95E-01,8.81E+00
2008,10,2,1.07E+01,1.60E+00,3.24E-01,1.07E+01
2008,10,3,7.70E+00,1.33E+00,2.29E-01,7.80E+00
2008,10,4,2.20E+00,1.21E+00,1.81E-01,6.23E+00
2008,10,5,4.60E-01,1.28E+00,1.62E-01,7.11E+00
2008,10,6,1.98E+01,1.36E+00,3.57E-01,8.61E+00
2008,10,7,1.83E+01,1.80E+00,6.84E-01,1.29E+01
2008,10,8,3.90E-01,1.85E+00,8.21E-01,1.33E+01
2008,10,9,3.01E+00,1.69E+00,8.82E-01,1.19E+01
2008,10,10,0.00E+00,1.54E+00,7.37E-01,1.00E+01
2008,10,11,0.00E+00,1.51E+00,6.71E-01,1.01E+01
2008,10,12,0.00E+00,1.46E+00,6.25E-01,1.00E+01
2008,10,13,0.00E+00,1.64E+00,5.73E-01,1.18E+01
2008,10,14,3.00E-02,1.68E+00,5.21E-01,1.22E+01
2008,10,15,0.00E+00,1.72E+00,4.68E-01,1.28E+01
2008,10,16,6.44E+00,1.61E+00,4.76E-01,1.22E+01
2008,10,17,6.29E+00,1.36E+00,5.00E-01,9.14E+00
2008,10,18,0.00E+00,1.06E+00,3.99E-01,5.15E+00
2008,10,19,0.00E+00,9.86E-01,3.83E-01,4.38E+00
2008,10,20,0.00E+00,1.02E+00,3.86E-01,5.06E+00
2008,10,21,0.00E+00,1.19E+00,4.00E-01,7.70E+00
2008,10,22,8.05E+00,1.49E+00,5.21E-01,1.11E+01
2008,10,23,0.00E+00,1.13E+00,4.35E-01,6.75E+00
2008,10,24,0.00E+00,1.05E+00,4.29E-01,5.46E+00
2008,10,25,5.60E-01,1.05E+00,4.59E-01,5.90E+00
2008,10,26,3.00E-02,1.33E+00,4.80E-01,9.29E+00
2008,10,27,3.60E-01,1.20E+00,4.91E-01,8.62E+00
2008,10,28,1.66E+01,1.21E+00,7.97E-01,8.33E+00
2008,10,29,9.00E-02,8.99E-01,7.51E-01,3.81E+00
2008,10,30,3.00E-02,8.25E-01,9.88E-01,2.49E+00
2008,10,31,6.76E+00,8.49E-01,1.17E+00,3.16E+00
2008,11,1,6.67E+00,9.49E-01,1.21E+00,5.10E+00
2008,11,2,5.93E+00,1.07E+00,1.32E+00,7.04E+00
2008,11,3,0.00E+00,1.21E+00,1.55E+00,8.28E+00
2008,11,4,0.00E+00,1.21E+00,1.83E+00,8.59E+00
2008,11,5,0.00E+00,1.23E+00,1.77E+00,8.95E+00
2008,11,6,4.00E-02,1.22E+00,1.55E+00,9.23E+00
2008,11,7,0.00E+00,1.11E+00,1.41E+00,7.52E+00
2008,11,8,2.20E-01,1.08E+00,1.35E+00,7.50E+00
2008,11,9,1.20E-01,1.07E+00,1.21E+00,7.02E+00
2008,11,10,1.67E+01,1.14E+00,1.37E+00,8.83E+00
2008,11,11,3.07E+00,1.35E+00,1.33E+00,1.17E+01
2008,11,12,7.76E+00,1.22E+00,1.84E+00,9.88E+00
2008,11,13,2.81E+00,9.85E-01,2.66E+00,6.53E+00
2008,11,14,0.00E+00,9.07E-01,3.18E+00,5.21E+00
2008,11,15,0.00E+00,8.13E-01,3.03E+00,3.79E+00
2008,11,16,0.00E+00,1.05E+00,2.77E+00,7.93E+00
2008,11,17,1.05E+00,1.13E+00,2.46E+00,9.12E+00
2008,11,18,0.00E+00,7.22E-01,2.12E+00,2.06E+00
2008,11,19,1.50E-01,7.67E-01,1.82E+00,3.77E+00
2008,11,20,6.00E-02,9.33E-01,1.46E+00,6.31E+00
2008,11,21,4.50E-01,1.02E+00,1.29E+00,8.12E+00
2008,11,22,3.59E+00,8.41E-01,1.15E+00,5.02E+00
2008,11,23,5.45E+00,5.96E-01,1.04E+00,5.52E-02
2008,11,24,6.59E+00,5.64E-01,9.62E-01,-6.43E-01
2008,11,25,1.93E+00,6.26E-01,9.67E-01,9.97E-01
2008,11,26,2.40E-01,5.75E-01,8.10E-01,-9.31E-01
2008,11,27,0.00E+00,5.84E-01,7.39E-01,-2.06E-01
2008,11,28,1.10E-01,5.87E-01,7.04E-01,-9.71E-02
2008,11,29,0.00E+00,5.02E-01,6.89E-01,-2.07E+00
2008,11,30,0.00E+00,5.31E-01,7.02E-01,-1.50E+00
2008,12,1,9.93E+00,6.04E-01,8.05E-01,4.01E-01
2008,12,2,8.54E+00,5.81E-01,8.25E-01,6.79E-02
2008,12,3,6.06E+00,6.44E-01,9.20E-01,1.62E+00
2008,12,4,1.66E+01,5.69E-01,1.20E+00,1.51E-01
2008,12,5,1.24E+01,5.93E-01,1.62E+00,3.88E-01
2008,12,6,1.45E+01,7.69E-01,3.65E+00,4.09E+00
2008,12,7,2.09E+00,7.17E-01,7.66E+00,3.52E+00
2008,12,8,3.50E-01,6.80E-01,7.86E+00,2.11E+00
2008,12,9,0.00E+00,4.74E-01,6.49E+00,-2.48E+00
2008,12,10,1.35E+00,5.28E-01,5.49E+00,-9.00E-01
2008,12,11,0.00E+00,5.82E-01,4.48E+00,-1.60E-02
2008,12,12,0.00E+00,5.52E-01,3.56E+00,-3.11E-01
2008,12,13,0.00E+00,5.42E-01,2.88E+00,-7.15E-01
2008,12,14,0.00E+00,4.91E-01,2.42E+00,-1.85E+00
2008,12,15,1.34E+00,5.97E-01,2.13E+00,7.35E-01
2008,12,16,0.00E+00,6.30E-01,1.79E+00,1.73E-01
2008,12,17,0.00E+00,5.13E-01,1.53E+00,-1.29E+00
2008,12,18,3.14E+00,4.95E-01,1.35E+00,-1.53E+00
2008,12,19,1.80E-01,5.71E-01,1.20E+00,4.09E-01
2008,12,20,8.20E-01,6.79E-01,1.16E+00,3.01E+00
2008,12,21,2.84E+00,8.04E-01,1.19E+00,6.02E+00
2008,12,22,4.20E-01,9.26E-01,2.21E+00,7.96E+00
2008,12,23,4.60E-01,8.91E-01,5.08E+00,7.19E+00
2008,12,24,0.00E+00,7.65E-01,5.30E+00,3.98E+00
2008,12,25,0.00E+00,6.40E-01,4.55E+00,2.16E+00
2008,12,26,0.00E+00,6.91E-01,3.70E+00,2.97E+00
2008,12,27,0.00E+00,5.30E-01,3.00E+00,-8.37E-01
2008,12,28,0.00E+00,4.58E-01,2.47E+00,-2.87E+00
2008,12,29,0.00E+00,4.54E-01,2.11E+00,-3.30E+00
2008,12,30,0.00E+00,4.02E-01,1.80E+00,-5.05E+00
2008,12,31,0.00E+00,3.80E-01,1.52E+00,-5.71E+00
2009,1,1,1.31E+00,4.98E-01,1.38E+00,-1.59E+00
2009,1,2,0.00E+00,5.28E-01,1.20E+00,-1.07E+00
2009,1,3,0.00E+00,4.17E-01,1.04E+00,-4.01E+00
2009,1,4,0.00E+00,4.75E-01,9.22E-01,-3.13E+00
2009,1,5,0.00E+00,4.25E-01,8.39E-01,-4.01E+00
2009,1,6,8.00E-01,4.71E-01,7.31E-01,-2.75E+00
2009,1,7,0.00E+00,3.72E-01,6.52E-01,-6.54E+00
2009,1,8,0.00E+00,2.92E-01,8.33E-01,-8.99E+00
2009,1,9,0.00E+00,4.08E-01,-1.00E-01,-5.02E+00
2009,1,10,0.00E+00,3.04E-01,-1.00E-01,-8.79E+00
2009,1,11,0.00E+00,3.11E-01,-1.00E-01,-8.26E+00
2009,1,12,0.00E+00,3.18E-01,-1.00E-01,-7.87E+00
2009,1,13,0.00E+00,3.60E-01,-1.00E-01,-6.34E+00
2009,1,14,0.00E+00,5.96E-01,-1.00E-01,-2.88E-01
2009,1,15,3.20E-01,6.02E-01,-1.00E-01,3.70E-01
2009,1,16,0.00E+00,5.32E-01,-1.00E-01,-1.51E+00
2009,1,17,4.20E-01,5.58E-01,4.23E-01,-4.79E-01
2009,1,18,1.32E+00,6.81E-01,4.48E-01,2.11E+00
2009,1,19,2.21E+01,7.31E-01,9.18E-01,3.03E+00
2009,1,20,1.28E+01,8.14E-01,1.38E+00,4.70E+00
2009,1,21,1.41E+00,6.63E-01,2.57E+00,1.26E+00
2009,1,22,6.00E-02,6.24E-01,3.43E+00,3.56E-01
2009,1,23,4.57E+00,6.47E-01,3.49E+00,1.09E+00
2009,1,24,3.38E+01,7.91E-01,8.18E+00,4.12E+00
2009,1,25,0.00E+00,6.57E-01,1.29E+01,5.18E-01
2009,1,26,0.00E+00,5.70E-01,9.11E+00,-8.04E-01
2009,1,27,0.00E+00,5.52E-01,7.00E+00,-1.42E+00
2009,1,28,0.00E+00,5.51E-01,5.23E+00,-1.51E+00
2009,1,29,0.00E+00,5.11E-01,3.89E+00,-3.22E+00
2009,1,30,0.00E+00,5.77E-01,3.11E+00,-1.55E+00
2009,1,31,0.00E+00,5.67E-01,2.60E+00,-2.15E+00
2009,2,1,0.00E+00,5.22E-01,2.21E+00,-3.02E+00
2009,2,2,0.00E+00,5.54E-01,1.91E+00,-2.40E+00
2009,2,3,2.77E+00,6.13E-01,1.68E+00,-7.97E-01
2009,2,4,2.17E+00,6.79E-01,1.47E+00,4.88E-01
2009,2,5,5.10E-01,6.66E-01,1.28E+00,2.78E-01
2009,2,6,9.60E-01,7.44E-01,1.20E+00,1.62E+00
2009,2,7,7.00E-02,8.13E-01,1.09E+00,2.87E+00
2009,2,8,2.50E-01,7.81E-01,1.02E+00,2.36E+00
2009,2,9,0.00E+00,6.78E-01,8.93E-01,3.09E-01
2009,2,10,1.54E+01,6.77E-01,8.86E-01,2.78E-01
2009,2,11,2.03E+01,8.42E-01,4.06E+00,3.29E+00
2009,2,12,4.13E+00,7.00E-01,6.93E+00,6.96E-01
2009,2,13,9.00E-01,6.42E-01,6.14E+00,-9.81E-01
2009,2,14,1.80E-01,6.50E-01,4.93E+00,-5.80E-01
2009,2,15,4.10E-01,6.71E-01,3.87E+00,-8.23E-01
2009,2,16,4.20E-01,5.53E-01,3.12E+00,-3.03E+00
2009,2,17,2.34E+00,7.64E-01,2.75E+00,1.52E+00
2009,2,18,3.10E+00,9.28E-01,2.53E+00,4.37E+00
2009,2,19,0.00E+00,6.20E-01,2.33E+00,-2.09E+00
2009,2,20,2.00E-01,6.52E-01,2.58E+00,-1.15E+00
2009,2,21,3.70E-01,8.46E-01,2.80E+00,2.55E+00
2009,2,22,1.60E-01,9.24E-01,2.67E+00,3.31E+00
2009,2,23,7.60E-01,9.42E-01,2.50E+00,4.11E+00
2009,2,24,3.07E+00,9.50E-01,2.36E+00,3.95E+00
2009,2,25,0.00E+00,9.16E-01,2.18E+00,2.78E+00
2009,2,26,0.00E+00,7.84E-01,2.05E+00,1.05E+00
2009,2,27,3.00E-02,9.59E-01,2.01E+00,4.22E+00
2009,2,28,2.30E-01,1.01E+00,1.89E+00,4.87E+00
2009,3,1,0.00E+00,1.19E+00,1.77E+00,6.67E+00
2009,3,2,5.30E-01,1.09E+00,1.67E+00,5.78E+00
2009,3,3,0.00E+00,1.15E+00,1.53E+00,5.85E+00
2009,3,4,0.00E+00,8.63E-01,1.39E+00,2.29E+00
2009,3,5,1.27E+01,9.74E-01,1.56E+00,3.51E+00
2009,3,6,8.40E-01,9.23E-01,1.46E+00,2.70E+00
2009,3,7,9.90E-01,9.52E-01,1.49E+00,3.10E+00
2009,3,8,0.00E+00,9.40E-01,1.62E+00,3.11E+00
2009,3,9,5.36E+00,1.14E+00,1.89E+00,5.85E+00
2009,3,10,3.37E+00,9.73E-01,1.95E+00,3.37E+00
2009,3,11,8.83E+00,1.02E+00,2.13E+00,3.80E+00
2009,3,12,6.00E-02,1.05E+00,2.35E+00,3.74E+00
2009,3,13,4.80E-01,1.02E+00,2.81E+00,4.27E+00
2009,3,14,7.20E-01,1.29E+00,2.92E+00,7.17E+00
2009,3,15,1.90E-01,1.28E+00,2.71E+00,7.34E+00
2009,3,16,0.00E+00,1.36E+00,2.45E+00,7.83E+00
2009,3,17,0.00E+00,1.36E+00,2.19E+00,6.98E+00
2009,3,18,0.00E+00,1.17E+00,1.94E+00,4.99E+00
2009,3,19,0.00E+00,1.16E+00,1.72E+00,4.40E+00
2009,3,20,0.00E+00,1.10E+00,1.55E+00,3.85E+00
2009,3,21,0.00E+00,9.84E-01,1.36E+00,1.75E+00
2009,3,22,0.00E+00,1.01E+00,1.21E+00,2.08E+00
2009,3,23,0.00E+00,1.03E+00,1.11E+00,3.12E+00
2009,3,24,7.42E+00,1.21E+00,1.12E+00,5.66E+00
2009,3,25,3.03E+00,1.05E+00,1.05E+00,3.03E+00
2009,3,26,9.97E+00,9.79E-01,1.12E+00,2.06E+00
2009,3,27,8.64E+00,1.18E+00,1.18E+00,4.91E+00
2009,3,28,6.76E+00,1.25E+00,1.85E+00,5.52E+00
2009,3,29,7.82E+00,1.24E+00,3.10E+00,5.43E+00
2009,3,30,2.20E-01,1.24E+00,4.00E+00,4.99E+00
2009,3,31,0.00E+00,1.26E+00,4.02E+00,4.29E+00
2009,4,1,0.00E+00,1.32E+00,3.52E+00,5.50E+00
2009,4,2,0.00E+00,1.64E+00,3.04E+00,7.76E+00
2009,4,3,0.00E+00,2.00E+00,2.64E+00,1.10E+01
2009,4,4,0.00E+00,1.93E+00,2.28E+00,1.19E+01
2009,4,5,0.00E+00,1.85E+00,1.95E+00,1.08E+01
2009,4,6,0.00E+00,1.73E+00,1.68E+00,9.43E+00
2009,4,7,0.00E+00,1.88E+00,1.49E+00,1.10E+01
2009,4,8,4.00E-02,1.73E+00,1.32E+00,9.84E+00
2009,4,9,2.02E+00,1.75E+00,1.17E+00,9.99E+00
2009,4,10,7.50E-01,2.09E+00,1.08E+00,1.23E+01
2009,4,11,0.00E+00,2.38E+00,9.88E-01,1.46E+01
2009,4,12,5.80E-01,2.37E+00,9.14E-01,1.42E+01
2009,4,13,0.00E+00,2.27E+00,8.56E-01,1.31E+01
2009,4,14,0.00E+00,2.28E+00,8.08E-01,1.32E+01
2009,4,15,0.00E+00,2.30E+00,7.44E-01,1.35E+01
2009,4,16,0.00E+00,2.37E+00,6.95E-01,1.42E+01
2009,4,17,3.56E+00,1.91E+00,7.02E-01,1.06E+01
2009,4,18,1.58E+01,1.69E+00,8.83E-01,8.48E+00
2009,4,19,5.10E+00,1.74E+00,8.64E-01,8.72E+00
2009,4,20,1.80E-01,2.14E+00,8.96E-01,1.13E+01
2009,4,21,0.00E+00,2.23E+00,1.07E+00,1.22E+01
2009,4,22,0.00E+00,2.32E+00,1.26E+00,1.27E+01
2009,4,23,0.00E+00,2.08E+00,1.32E+00,1.03E+01
2009,4,24,0.00E+00,1.65E+00,1.29E+00,7.15E+00
2009,4,25,0.00E+00,1.79E+00,1.22E+00,8.66E+00
2009,4,26,4.60E-01,1.87E+00,1.14E+00,9.67E+00
2009,4,27,6.76E+00,2.32E+00,1.10E+00,1.27E+01
2009,4,28,1.71E+00,1.98E+00,1.03E+00,1.01E+01
2009,4,29,2.46E+00,1.79E+00,9.28E-01,8.04E+00
2009,4,30,7.16E+00,1.59E+00,1.10E+00,6.79E+00
2009,5,1,0.00E+00,1.93E+00,9.92E-01,9.18E+00
2009,5,2,7.50E-01,2.34E+00,1.18E+00,1.26E+01
2009,5,3,0.00E+00,2.71E+00,1.31E+00,1.41E+01
2009,5,4,0.00E+00,2.08E+00,1.32E+00,1.10E+01
2009,5,5,0.00E+00,1.90E+00,1.26E+00,8.46E+00
2009,5,6,4.40E-01,1.82E+00,1.20E+00,8.84E+00
2009,5,7,0.00E+00,2.12E+00,1.11E+00,1.08E+01
2009,5,8,0.00E+00,2.37E+00,1.02E+00,1.26E+01
2009,5,9,1.77E+00,2.43E+00,9.65E-01,1.30E+01
2009,5,10,4.72E+00,2.09E+00,9.11E-01,1.05E+01
2009,5,11,3.48E+00,2.45E+00,8.39E-01,1.27E+01
2009,5,12,1.25E+01,2.42E+00,1.01E+00,1.26E+01
2009,5,13,1.03E+01,2.15E+00,1.01E+00,1.09E+01
2009,5,14,0.00E+00,2.61E+00,1.11E+00,1.36E+01
2009,5,15,1.82E+01,2.78E+00,1.75E+00,1.45E+01
2009,5,16,4.95E+00,2.45E+00,2.63E+00,1.25E+01
2009,5,17,2.50E-01,2.20E+00,3.85E+00,1.06E+01
2009,5,18,1.37E+00,2.46E+00,3.83E+00,1.24E+01
2009,5,19,0.00E+00,2.34E+00,3.21E+00,1.17E+01
2009,5,20,0.00E+00,2.56E+00,2.67E+00,1.31E+01
2009,5,21,0.00E+00,2.96E+00,2.23E+00,1.50E+01
2009,5,22,4.02E+00,3.06E+00,1.93E+00,1.61E+01
2009,5,23,0.00E+00,2.73E+00,1.56E+00,1.39E+01
2009,5,24,0.00E+00,2.91E+00,1.29E+00,1.47E+01
2009,5,25,0.00E+00,3.91E+00,1.08E+00,1.92E+01
2009,5,26,0.00E+00,4.20E+00,9.26E-01,2.06E+01
2009,5,27,1.01E+00,2.94E+00,8.48E-01,1.57E+01
2009,5,28,0.00E+00,2.17E+00,7.08E-01,1.11E+01
2009,5,29,6.80E-01,2.62E+00,6.40E-01,1.37E+01
2009,5,30,0.00E+00,2.93E+00,5.62E-01,1.51E+01
2009,5,31,0.00E+00,2.90E+00,5.12E-01,1.42E+01
2009,6,1,0.00E+00,2.89E+00,4.62E-01,1.40E+01
2009,6,2,0.00E+00,3.31E+00,4.18E-01,1.62E+01
2009,6,3,0.00E+00,3.61E+00,3.83E-01,1.71E+01
2009,6,4,0.00E+00,2.90E+00,3.44E-01,1.36E+01
2009,6,5,0.00E+00,2.33E+00,3.26E-01,1.01E+01
2009,6,6,0.00E+00,2.30E+00,3.12E-01,9.94E+00
2009,6,7,1.87E+00,2.11E+00,3.17E-01,8.94E+00
2009,6,8,6.38E+00,2.41E+00,3.65E-01,1.15E+01
2009,6,9,1.94E+00,2.66E+00,2.85E-01,1.29E+01
2009,6,10,2.03E+00,3.00E+00,2.76E-01,1.50E+01
2009,6,11,1.31E+01,2.79E+00,3.33E-01,1.39E+01
2009,6,12,6.23E+00,2.70E+00,3.57E-01,1.30E+01
2009,6,13,0.00E+00,2.71E+00,2.30E-01,1.28E+01
2009,6,14,0.00E+00,3.05E+00,2.16E-01,1.49E+01
2009,6,15,2.03E+00,3.65E+00,2.48E-01,1.81E+01
2009,6,16,2.69E+01,3.05E+00,6.61E-01,1.52E+01
2009,6,17,1.20E+00,2.92E+00,4.65E-01,1.41E+01
2009,6,18,0.00E+00,3.17E+00,4.52E-01,1.54E+01
2009,6,19,0.00E+00,3.17E+00,4.35E-01,1.61E+01
2009,6,20,0.00E+00,2.90E+00,3.88E-01,1.39E+01
2009,6,21,5.00E-01,2.42E+00,3.74E-01,1.12E+01
2009,6,22,5.11E+00,2.31E+00,4.14E-01,1.06E+01
2009,6,23,0.00E+00,2.57E+00,3.23E-01,1.12E+01
2009,6,24,0.00E+00,3.04E+00,2.88E-01,1.44E+01
2009,6,25,0.00E+00,3.67E+00,2.68E-01,1.70E+01
2009,6,26,0.00E+00,4.08E+00,2.50E-01,1.87E+01
2009,6,27,0.00E+00,3.90E+00,2.39E-01,1.89E+01
2009,6,28,4.36E+00,3.52E+00,2.94E-01,1.73E+01
2009,6,29,1.90E-01,3.85E+00,2.47E-01,1.87E+01
2009,6,30,3.32E+00,4.33E+00,2.26E-01,2.00E+01
2009,7,1,0.00E+00,4.59E+00,1.96E-01,2.10E+01
2009,7,2,0.00E+00,4.61E+00,1.77E-01,2.14E+01
2009,7,3,0.00E+00,4.92E+00,1.63E-01,2.23E+01
2009,7,4,3.30E-01,4.39E+00,1.55E-01,2.11E+01
2009,7,5,0.00E+00,4.35E+00,1.42E-01,2.02E+01
2009,7,6,2.20E-01,4.25E+00,1.29E-01,2.02E+01
2009,7,7,9.25E+00,3.61E+00,1.80E-01,1.77E+01
2009,7,8,4.31E+00,2.89E+00,2.35E-01,1.45E+01
2009,7,9,7.10E+00,2.99E+00,2.25E-01,1.49E+01
2009,7,10,3.41E+00,2.58E+00,1.93E-01,1.25E+01
2009,7,11,5.00E-02,2.51E+00,1.59E-01,1.26E+01
2009,7,12,0.00E+00,2.79E+00,1.47E-01,1.46E+01
2009,7,13,4.19E+00,3.12E+00,1.78E-01,1.64E+01
2009,7,14,4.31E+00,3.62E+00,1.72E-01,1.92E+01
2009,7,15,0.00E+00,3.80E+00,1.30E-01,1.96E+01
2009,7,16,0.00E+00,3.79E+00,1.04E-01,1.96E+01
2009,7,17,0.00E+00,3.84E+00,9.31E-02,2.04E+01
2009,7,18,4.98E+00,3.33E+00,1.40E-01,1.76E+01
2009,7,19,1.22E+00,2.89E+00,1.06E-01,1.53E+01
2009,7,20,5.51E+00,2.99E+00,1.23E-01,1.59E+01
2009,7,21,1.60E-01,3.32E+00,8.35E-02,1.75E+01
2009,7,22,9.65E+00,4.31E+00,9.27E-02,2.22E+01
2009,7,23,5.99E+00,4.28E+00,2.02E-01,2.21E+01
2009,7,24,8.85E+00,3.47E+00,1.85E-01,1.85E+01
2009,7,25,3.42E+00,3.11E+00,2.36E-01,1.69E+01
2009,7,26,5.90E-01,2.96E+00,1.85E-01,1.56E+01
2009,7,27,0.00E+00,3.30E+00,1.58E-01,1.76E+01
2009,7,28,2.58E+00,3.16E+00,1.82E-01,1.72E+01
2009,7,29,0.00E+00,3.05E+00,1.66E-01,1.54E+01
2009,7,30,9.48E+00,3.58E+00,1.34E-01,1.81E+01
2009,7,31,8.00E-02,3.12E+00,1.00E-01,1.60E+01
2009,8,1,0.00E+00,2.96E+00,7.31E-02,1.50E+01
2009,8,2,0.00E+00,3.49E+00,6.32E-02,1.80E+01
2009,8,3,9.39E+00,3.04E+00,1.33E-01,1.65E+01
2009,8,4,6.30E-01,2.97E+00,8.94E-02,1.51E+01
2009,8,5,0.00E+00,3.09E+00,5.61E-02,1.57E+01
2009,8,6,0.00E+00,3.39E+00,4.02E-02,1.76E+01
2009,8,7,0.00E+00,3.82E+00,3.58E-02,1.96E+01
2009,8,8,1.50E-01,3.86E+00,3.50E-02,2.01E+01
2009,8,9,0.00E+00,3.55E+00,4.08E-02,1.84E+01
2009,8,10,0.00E+00,3.53E+00,3.58E-02,1.84E+01
2009,8,11,0.00E+00,3.74E+00,2.62E-02,1.93E+01
2009,8,12,1.65E+00,3.36E+00,3.26E-02,1.77E+01
2009,8,13,0.00E+00,3.34E+00,2.41E-02,1.81E+01
2009,8,14,3.02E+01,3.13E+00,3.99E-01,1.67E+01
2009,8,15,0.00E+00,2.94E+00,9.13E-02,1.55E+01
2009,8,16,0.00E+00,3.17E+00,6.13E-02,1.71E+01
2009,8,17,0.00E+00,3.70E+00,5.38E-02,2.01E+01
2009,8,18,0.00E+00,3.45E+00,4.84E-02,1.91E+01
2009,8,19,0.00E+00,3.12E+00,4.52E-02,1.73E+01
2009,8,20,0.00E+00,3.66E+00,3.91E-02,1.97E+01
2009,8,21,2.08E+00,4.42E+00,2.85E-02,2.39E+01
2009,8,22,5.15E+00,2.89E+00,9.73E-02,1.70E+01
2009,8,23,0.00E+00,2.79E+00,4.29E-02,1.65E+01
2009,8,24,0.00E+00,2.83E+00,3.64E-02,1.70E+01
2009,8,25,0.00E+00,3.24E+00,2.39E-02,1.86E+01
2009,8,26,2.52E+00,3.11E+00,4.94E-02,1.79E+01
2009,8,27,0.00E+00,2.90E+00,3.75E-02,1.66E+01
2009,8,28,0.00E+00,3.16E+00,2.11E-02,1.85E+01
2009,8,29,1.70E-01,2.68E+00,2.20E-02,1.58E+01
2009,8,30,0.00E+00,2.24E+00,1.78E-02,1.29E+01
2009,8,31,0.00E+00,2.17E+00,1.65E-02,1.23E+01
2009,9,1,0.00E+00,2.65E+00,1.32E-02,1.53E+01
2009,9,2,1.11E+01,2.56E+00,6.95E-02,1.59E+01
2009,9,3,4.60E-01,2.52E+00,3.77E-02,1.51E+01
2009,9,4,1.10E+01,2.44E+00,1.07E-01,1.47E+01
2009,9,5,1.59E+01,1.93E+00,1.45E-01,1.12E+01
2009,9,6,0.00E+00,2.04E+00,5.94E-02,1.20E+01
2009,9,7,0.00E+00,1.95E+00,4.65E-02,1.14E+01
2009,9,8,0.00E+00,2.28E+00,3.54E-02,1.35E+01
2009,9,9,0.00E+00,2.52E+00,2.89E-02,1.49E+01
2009,9,10,0.00E+00,2.67E+00,2.22E-02,1.59E+01
2009,9,11,1.30E-01,2.52E+00,3.06E-02,1.56E+01
2009,9,12,0.00E+00,2.30E+00,2.36E-02,1.38E+01
2009,9,13,0.00E+00,2.26E+00,2.13E-02,1.30E+01
2009,9,14,2.30E-01,1.89E+00,2.05E-02,1.14E+01
2009,9,15,1.65E+00,1.86E+00,3.29E-02,1.09E+01
2009,9,16,0.00E+00,2.04E+00,2.87E-02,1.24E+01
2009,9,17,0.00E+00,2.34E+00,2.37E-02,1.52E+01
2009,9,18,0.00E+00,2.49E+00,4.21E-02,1.60E+01
2009,9,19,0.00E+00,2.43E+00,3.20E-02,1.57E+01
2009,9,20,6.50E-01,2.43E+00,1.99E-02,1.59E+01
2009,9,21,2.30E-01,2.54E+00,1.44E-02,1.65E+01
2009,9,22,0.00E+00,2.51E+00,2.05E-02,1.63E+01
2009,9,23,0.00E+00,2.13E+00,1.44E-02,1.41E+01
2009,9,24,0.00E+00,2.05E+00,1.46E-02,1.38E+01
2009,9,25,0.00E+00,2.14E+00,2.13E-02,1.45E+01
2009,9,26,0.00E+00,1.81E+00,2.24E-02,1.14E+01
2009,9,27,0.00E+00,1.74E+00,1.03E-02,1.10E+01
2009,9,28,0.00E+00,1.81E+00,0.00E+00,1.15E+01
2009,9,29,0.00E+00,1.74E+00,0.00E+00,1.16E+01
2009,9,30,0.00E+00,1.90E+00,0.00E+00,1.33E+01
2009,10,1,5.00E-02,2.09E+00,0.00E+00,1.40E+01
2009,10,2,0.00E+00,1.70E+00,5.55E-03,1.18E+01
2009,10,3,0.00E+00,1.40E+00,0.00E+00,8.66E+00
2009,10,4,0.00E+00,1.36E+00,0.00E+00,8.95E+00
2009,10,5,7.90E-01,1.74E+00,1.07E-02,1.22E+01
2009,10,6,1.66E+01,1.61E+00,1.42E-01,1.10E+01
2009,10,7,3.44E+00,2.17E+00,8.02E-02,1.59E+01
2009,10,8,4.29E+00,2.51E+00,4.86E-02,1.78E+01
2009,10,9,7.33E+00,2.11E+00,1.10E-01,1.54E+01
2009,10,10,3.00E-02,1.65E+00,4.48E-02,1.15E+01
2009,10,11,1.10E+01,1.76E+00,1.51E-01,1.27E+01
2009,10,12,1.17E+01,1.52E+00,1.26E-01,1.10E+01
2009,10,13,3.97E+00,1.43E+00,1.82E-01,9.24E+00
2009,10,14,5.50E-01,1.26E+00,9.21E-02,7.30E+00
2009,10,15,0.00E+00,9.23E-01,6.93E-02,2.33E+00
2009,10,16,0.00E+00,8.37E-01,4.17E-02,1.23E+00
2009,10,17,4.70E-01,1.01E+00,5.11E-02,5.01E+00
2009,10,18,2.54E+00,1.12E+00,6.38E-02,5.75E+00
2009,10,19,0.00E+00,9.20E-01,4.37E-02,2.89E+00
2009,10,20,0.00E+00,8.47E-01,3.68E-02,1.96E+00
2009,10,21,0.00E+00,1.02E+00,3.75E-02,4.59E+00
2009,10,22,1.00E-01,1.37E+00,3.71E-02,9.17E+00
2009,10,23,4.40E-01,1.22E+00,4.35E-02,8.01E+00
2009,10,24,0.00E+00,1.18E+00,3.68E-02,7.21E+00
2009,10,25,4.47E+00,1.27E+00,5.42E-02,8.86E+00
2009,10,26,5.60E-01,1.36E+00,7.26E-02,1.02E+01
2009,10,27,5.00E-02,1.25E+00,3.77E-02,8.83E+00
2009,10,28,0.00E+00,1.29E+00,3.68E-02,9.07E+00
2009,10,29,0.00E+00,1.02E+00,3.68E-02,7.53E+00
2009,10,30,0.00E+00,1.05E+00,4.16E-02,6.39E+00
2009,10,31,0.00E+00,1.13E+00,8.35E-02,7.45E+00
2009,11,1,0.00E+00,1.03E+00,9.19E-02,6.17E+00
2009,11,2,2.08E+01,1.16E+00,2.00E-01,8.48E+00
2009,11,3,6.45E+00,1.14E+00,2.75E-01,8.00E+00
2009,11,4,1.22E+01,1.02E+00,1.45E-01,6.73E+00
2009,11,5,1.07E+01,1.06E+00,3.68E-01,7.15E+00
2009,11,6,3.44E+00,1.01E+00,1.97E-01,6.62E+00
2009,11,7,1.53E+00,1.03E+00,1.63E-01,6.82E+00
2009,11,8,9.83E+00,9.69E-01,2.60E-01,5.90E+00
2009,11,9,0.00E+00,9.08E-01,1.76E-01,4.51E+00
2009,11,10,6.80E-01,9.47E-01,1.65E-01,5.71E+00
2009,11,11,4.00E-01,9.02E-01,1.56E-01,5.10E+00
2009,11,12,0.00E+00,8.03E-01,1.37E-01,3.41E+00
2009,11,13,4.40E-01,8.81E-01,1.29E-01,5.14E+00
2009,11,14,2.80E-01,1.27E+00,1.28E-01,1.04E+01
2009,11,15,3.53E+00,1.27E+00,1.37E-01,1.06E+01
2009,11,16,2.45E+00,1.14E+00,1.42E-01,8.99E+00
2009,11,17,1.33E+01,1.21E+00,2.82E-01,1.05E+01
2009,11,18,1.13E+01,1.14E+00,4.03E-01,9.22E+00
2009,11,19,0.00E+00,1.07E+00,3.84E-01,8.56E+00
2009,11,20,0.00E+00,9.92E-01,4.17E-01,6.96E+00
2009,11,21,0.00E+00,9.23E-01,3.92E-01,6.64E+00
2009,11,22,2.10E-01,1.13E+00,3.58E-01,9.58E+00
2009,11,23,4.53E+00,1.12E+00,3.69E-01,9.63E+00
2009,11,24,2.42E+01,1.06E+00,7.90E-01,8.85E+00
2009,11,25,7.41E+00,1.15E+00,1.35E+00,1.01E+01
2009,11,26,8.44E+00,1.08E+00,1.98E+00,9.17E+00
2009,11,27,7.14E+00,9.82E-01,2.21E+00,7.82E+00
2009,11,28,1.08E+01,9.25E-01,3.53E+00,6.82E+00
2009,11,29,1.84E+01,9.30E-01,5.23E+00,7.05E+00
2009,11,30,5.78E+00,9.66E-01,7.01E+00,7.44E+00
2009,12,1,3.30E-01,8.11E-01,6.32E+00,4.70E+00
2009,12,2,2.78E+00,7.30E-01,5.10E+00,3.62E+00
2009,12,3,5.76E+00,7.42E-01,4.15E+00,3.82E+00
2009,12,4,2.03E+01,8.86E-01,4.16E+00,6.49E+00
2009,12,5,0.00E+00,6.86E-01,6.45E+00,2.60E+00
2009,12,6,1.05E+01,7.67E-01,6.39E+00,4.59E+00
2009,12,7,1.33E+01,9.80E-01,6.41E+00,8.02E+00
2009,12,8,2.62E+00,8.02E-01,8.22E+00,5.29E+00
2009,12,9,8.31E+00,8.04E-01,7.46E+00,5.28E+00
2009,12,10,1.23E+00,7.99E-01,6.71E+00,5.34E+00
2009,12,11,6.79E+00,9.40E-01,6.25E+00,7.91E+00
2009,12,12,1.91E+00,8.31E-01,5.85E+00,5.73E+00
2009,12,13,1.00E-01,6.60E-01,5.17E+00,2.23E+00
2009,12,14,2.90E-01,5.73E-01,4.27E+00,2.53E-01
2009,12,15,0.00E+00,4.64E-01,3.39E+00,-2.64E+00
2009,12,16,0.00E+00,4.83E-01,2.76E+00,-2.09E+00
2009,12,17,0.00E+00,4.67E-01,2.29E+00,-2.90E+00
2009,12,18,0.00E+00,4.01E-01,1.94E+00,-4.89E+00
2009,12,19,0.00E+00,4.17E-01,1.64E+00,-4.32E+00
2009,12,20,4.90E-01,2.64E-01,1.37E+00,-1.10E+01
2009,12,21,6.53E+00,3.12E-01,1.21E+00,-7.62E+00
2009,12,22,5.62E+00,4.67E-01,1.10E+00,-2.48E+00
2009,12,23,1.59E+01,6.20E-01,1.31E+00,1.54E+00
2009,12,24,0.00E+00,5.67E-01,1.14E+00,2.89E-01
2009,12,25,6.54E+00,5.96E-01,1.23E+00,9.08E-01
2009,12,26,7.98E+00,6.52E-01,2.21E+00,2.60E+00
2009,12,27,0.00E+00,5.83E-01,4.08E+00,-2.65E-01
2009,12,28,8.93E+00,5.28E-01,4.42E+00,-3.39E-01
2009,12,29,2.00E-01,5.97E-01,3.83E+00,1.03E+00
2009,12,30,1.39E+01,6.01E-01,3.69E+00,1.49E+00
2009,12,31,4.82E+00,9.73E-01,5.70E+00,8.01E+00
